{
  "total_features": 48,
  "good_quality_features": 37,
  "mean_elevation": 286.4312034528103,
  "median_elevation": 176.8500524062161,
  "std_elevation": 303.2993836892431,
  "min_elevation": 4.978656498967656,
  "max_elevation": 1118.6205297459387,
  "total_water_area_km2": 2095.6089227181287,
  "elevation_change": 413.60634605350793,
  "spatial_stats": {
    "longitude_range": [
      -120.88087803031848,
      -77.31329309075876
    ],
    "latitude_range": [
      25.19389875127776,
      47.58757949466969
    ],
    "centroid_lon": -98.001279226026,
    "centroid_lat": 35.68487500312074
  },
  "quality_distribution": {
    "good": 37,
    "medium": 8,
    "poor": 3
  },
  "mean_uncertainty": 1.0334728084295413,
  "summary": "Tracked 37 water bodies (avg elevation: 286.4 m, total area: 2095.6 km\u00b2)",
  "analysis_date": "2025-12-31 19:21:11",
  "observation_count": 48
}