{
  "total_features": 48,
  "good_quality_features": 28,
  "mean_elevation": 255.81674892611838,
  "median_elevation": 180.6516592325802,
  "std_elevation": 227.88625421373544,
  "min_elevation": 2.0345294297194894,
  "max_elevation": 835.3876523754877,
  "total_water_area_km2": 1496.0349631412892,
  "elevation_change": 325.5574906473776,
  "spatial_stats": {
    "longitude_range": [
      -121.32311215930658,
      -76.1440108901445
    ],
    "latitude_range": [
      25.082322430417868,
      46.93221162993037
    ],
    "centroid_lon": -95.82403461236645,
    "centroid_lat": 34.434293622117835
  },
  "quality_distribution": {
    "good": 28,
    "medium": 14,
    "poor": 6
  },
  "mean_uncertainty": 0.9582681488919128,
  "summary": "Tracked 28 water bodies (avg elevation: 255.8 m, total area: 1496.0 km\u00b2)",
  "analysis_date": "2026-04-16 04:15:13",
  "observation_count": 48
}