{
  "total_features": 48,
  "good_quality_features": 34,
  "mean_elevation": 193.40983679607487,
  "median_elevation": 171.7826546659512,
  "std_elevation": 178.3638167094831,
  "min_elevation": 1.1662417599214525,
  "max_elevation": 803.9837597419428,
  "total_water_area_km2": 1572.14360352823,
  "elevation_change": 229.7165192528561,
  "spatial_stats": {
    "longitude_range": [
      -121.84477558252466,
      -80.41576123014522
    ],
    "latitude_range": [
      25.27438364285351,
      48.38465866334663
    ],
    "centroid_lon": -97.38703548108748,
    "centroid_lat": 36.10159443280659
  },
  "quality_distribution": {
    "good": 34,
    "medium": 11,
    "poor": 3
  },
  "mean_uncertainty": 1.133868999113723,
  "summary": "Tracked 34 water bodies (avg elevation: 193.4 m, total area: 1572.1 km\u00b2)",
  "analysis_date": "2026-03-13 14:03:06",
  "observation_count": 48
}