{
  "total_features": 48,
  "good_quality_features": 40,
  "mean_elevation": 229.96717825056285,
  "median_elevation": 180.22712234614454,
  "std_elevation": 208.1135342275018,
  "min_elevation": 0.4589523220217062,
  "max_elevation": 915.1912790861654,
  "total_water_area_km2": 2212.082776208028,
  "elevation_change": 250.7391707843035,
  "spatial_stats": {
    "longitude_range": [
      -121.8078807960422,
      -76.30777282584616
    ],
    "latitude_range": [
      25.07858981575253,
      46.90396324585629
    ],
    "centroid_lon": -97.79497320092341,
    "centroid_lat": 35.589859318977425
  },
  "quality_distribution": {
    "good": 40,
    "medium": 5,
    "poor": 3
  },
  "mean_uncertainty": 1.1463335470654095,
  "summary": "Tracked 40 water bodies (avg elevation: 230.0 m, total area: 2212.1 km\u00b2)",
  "analysis_date": "2025-11-19 07:25:23",
  "observation_count": 48
}