{
  "total_features": 48,
  "good_quality_features": 30,
  "mean_elevation": 253.4387313834764,
  "median_elevation": 201.03064041634838,
  "std_elevation": 237.44365969039742,
  "min_elevation": 4.740661413952286,
  "max_elevation": 1109.8964382288098,
  "total_water_area_km2": 1549.3004989641377,
  "elevation_change": 295.86811393034145,
  "spatial_stats": {
    "longitude_range": [
      -121.59766861832601,
      -80.03933949751269
    ],
    "latitude_range": [
      26.658376076147107,
      48.97485517041264
    ],
    "centroid_lon": -97.12133525279329,
    "centroid_lat": 35.00030760975728
  },
  "quality_distribution": {
    "good": 30,
    "medium": 11,
    "poor": 7
  },
  "mean_uncertainty": 1.0911657445745082,
  "summary": "Tracked 30 water bodies (avg elevation: 253.4 m, total area: 1549.3 km\u00b2)",
  "analysis_date": "2026-01-18 19:21:20",
  "observation_count": 48
}