{
  "total_features": 48,
  "good_quality_features": 33,
  "mean_elevation": 266.14511545025044,
  "median_elevation": 182.69919532684204,
  "std_elevation": 254.77531603119587,
  "min_elevation": 2.800262677609778,
  "max_elevation": 1171.2490980032762,
  "total_water_area_km2": 1563.0270103885211,
  "elevation_change": 335.79671956095603,
  "spatial_stats": {
    "longitude_range": [
      -120.63733933304798,
      -76.34495799303238
    ],
    "latitude_range": [
      26.176127017414085,
      47.21378467999041
    ],
    "centroid_lon": -94.46616938812151,
    "centroid_lat": 35.11368559820992
  },
  "quality_distribution": {
    "good": 33,
    "medium": 12,
    "poor": 3
  },
  "mean_uncertainty": 1.2027651947871674,
  "summary": "Tracked 33 water bodies (avg elevation: 266.1 m, total area: 1563.0 km\u00b2)",
  "analysis_date": "2026-04-09 16:19:41",
  "observation_count": 48
}