{
  "total_features": 48,
  "good_quality_features": 34,
  "mean_elevation": 283.2334260636127,
  "median_elevation": 196.32898570216213,
  "std_elevation": 254.35894901858424,
  "min_elevation": 1.0965576670681232,
  "max_elevation": 945.4542058135687,
  "total_water_area_km2": 1741.066743951954,
  "elevation_change": 344.2100873700207,
  "spatial_stats": {
    "longitude_range": [
      -121.50840140232765,
      -76.46276225378331
    ],
    "latitude_range": [
      25.267606171238544,
      48.190554505426284
    ],
    "centroid_lon": -97.6894442942548,
    "centroid_lat": 35.94178742006358
  },
  "quality_distribution": {
    "good": 34,
    "medium": 9,
    "poor": 5
  },
  "mean_uncertainty": 1.0037257889488944,
  "summary": "Tracked 34 water bodies (avg elevation: 283.2 m, total area: 1741.1 km\u00b2)",
  "analysis_date": "2025-12-09 02:50:17",
  "observation_count": 48
}