{
  "total_features": 48,
  "good_quality_features": 35,
  "mean_elevation": 212.67181881242763,
  "median_elevation": 177.6835275847032,
  "std_elevation": 245.22698123069478,
  "min_elevation": 1.7774501582342506,
  "max_elevation": 1177.3166697372358,
  "total_water_area_km2": 2046.735410540906,
  "elevation_change": 275.3912619921364,
  "spatial_stats": {
    "longitude_range": [
      -121.67248917053544,
      -79.48725707263687
    ],
    "latitude_range": [
      26.244049013192587,
      47.868728831200414
    ],
    "centroid_lon": -95.13814834507615,
    "centroid_lat": 36.066598449049216
  },
  "quality_distribution": {
    "good": 35,
    "medium": 7,
    "poor": 6
  },
  "mean_uncertainty": 1.0245719423694313,
  "summary": "Tracked 35 water bodies (avg elevation: 212.7 m, total area: 2046.7 km\u00b2)",
  "analysis_date": "2025-11-19 02:45:00",
  "observation_count": 48
}