{
  "total_features": 48,
  "good_quality_features": 35,
  "mean_elevation": 241.89785583033705,
  "median_elevation": 181.60246254542724,
  "std_elevation": 241.77053997856828,
  "min_elevation": 0.32905334205300063,
  "max_elevation": 956.2528161763648,
  "total_water_area_km2": 1838.941811164299,
  "elevation_change": 315.12379921599296,
  "spatial_stats": {
    "longitude_range": [
      -121.80891981706507,
      -77.98143470666307
    ],
    "latitude_range": [
      25.152245416983426,
      47.70084020235237
    ],
    "centroid_lon": -98.24844584260764,
    "centroid_lat": 35.39447607489292
  },
  "quality_distribution": {
    "good": 35,
    "medium": 10,
    "poor": 3
  },
  "mean_uncertainty": 1.066143728032773,
  "summary": "Tracked 35 water bodies (avg elevation: 241.9 m, total area: 1838.9 km\u00b2)",
  "analysis_date": "2025-11-14 13:34:47",
  "observation_count": 48
}