{
  "total_features": 48,
  "good_quality_features": 36,
  "mean_elevation": 244.19528786427634,
  "median_elevation": 181.61263826543276,
  "std_elevation": 206.182822641484,
  "min_elevation": 0.9517027731713912,
  "max_elevation": 871.4814513803225,
  "total_water_area_km2": 2025.8234867532244,
  "elevation_change": 285.4285529103006,
  "spatial_stats": {
    "longitude_range": [
      -120.13912004602695,
      -76.0702383300091
    ],
    "latitude_range": [
      25.458761751909275,
      48.99039817468591
    ],
    "centroid_lon": -98.77800735293704,
    "centroid_lat": 36.389155630533544
  },
  "quality_distribution": {
    "good": 36,
    "medium": 12
  },
  "mean_uncertainty": 1.029440645522509,
  "summary": "Tracked 36 water bodies (avg elevation: 244.2 m, total area: 2025.8 km\u00b2)",
  "analysis_date": "2026-02-13 14:04:41",
  "observation_count": 48
}