{
  "total_features": 48,
  "good_quality_features": 38,
  "mean_elevation": 293.30870454217046,
  "median_elevation": 183.44601745107502,
  "std_elevation": 304.2046649533926,
  "min_elevation": 4.099933874060156,
  "max_elevation": 1166.689162290194,
  "total_water_area_km2": 1922.6692632960558,
  "elevation_change": 370.37937401742323,
  "spatial_stats": {
    "longitude_range": [
      -121.7635640568586,
      -76.79271925612578
    ],
    "latitude_range": [
      26.834352856483974,
      48.48363187891252
    ],
    "centroid_lon": -97.51951343554103,
    "centroid_lat": 36.70589242281936
  },
  "quality_distribution": {
    "good": 38,
    "medium": 6,
    "poor": 4
  },
  "mean_uncertainty": 1.019348704822548,
  "summary": "Tracked 38 water bodies (avg elevation: 293.3 m, total area: 1922.7 km\u00b2)",
  "analysis_date": "2025-12-11 07:29:39",
  "observation_count": 48
}