{
  "total_features": 48,
  "good_quality_features": 35,
  "mean_elevation": 244.58473048588516,
  "median_elevation": 181.20645408762346,
  "std_elevation": 235.97778972335996,
  "min_elevation": 4.520931766720782,
  "max_elevation": 1069.4730903215252,
  "total_water_area_km2": 1842.693852860059,
  "elevation_change": 283.8635921032745,
  "spatial_stats": {
    "longitude_range": [
      -121.68551667061668,
      -78.86324514144994
    ],
    "latitude_range": [
      25.099415298245574,
      48.63557476755073
    ],
    "centroid_lon": -96.67029567963534,
    "centroid_lat": 36.23515909075425
  },
  "quality_distribution": {
    "good": 35,
    "medium": 8,
    "poor": 5
  },
  "mean_uncertainty": 1.0288753196141551,
  "summary": "Tracked 35 water bodies (avg elevation: 244.6 m, total area: 1842.7 km\u00b2)",
  "analysis_date": "2025-11-03 02:49:18",
  "observation_count": 48
}