{
  "total_features": 48,
  "good_quality_features": 31,
  "mean_elevation": 258.3649893794936,
  "median_elevation": 183.41565945498078,
  "std_elevation": 221.44065718299564,
  "min_elevation": 2.546721379958916,
  "max_elevation": 1023.7228343696148,
  "total_water_area_km2": 1460.9502092135083,
  "elevation_change": 296.16740295865475,
  "spatial_stats": {
    "longitude_range": [
      -121.95138626779773,
      -80.49430900537902
    ],
    "latitude_range": [
      25.866473092337486,
      48.52815216973382
    ],
    "centroid_lon": -101.40333628454336,
    "centroid_lat": 35.179788896828306
  },
  "quality_distribution": {
    "good": 31,
    "medium": 10,
    "poor": 7
  },
  "mean_uncertainty": 1.0848992614094228,
  "summary": "Tracked 31 water bodies (avg elevation: 258.4 m, total area: 1461.0 km\u00b2)",
  "analysis_date": "2026-03-22 19:33:16",
  "observation_count": 48
}