{
  "total_features": 48,
  "good_quality_features": 33,
  "mean_elevation": 282.1864105220574,
  "median_elevation": 228.73995676470668,
  "std_elevation": 256.87717410879804,
  "min_elevation": 1.5114866359213308,
  "max_elevation": 1150.7310297284264,
  "total_water_area_km2": 1708.186737587868,
  "elevation_change": 328.0433759819608,
  "spatial_stats": {
    "longitude_range": [
      -120.92832285185595,
      -77.54143087829105
    ],
    "latitude_range": [
      26.789758246133868,
      47.67734831912062
    ],
    "centroid_lon": -98.9766650263073,
    "centroid_lat": 36.03697348865628
  },
  "quality_distribution": {
    "good": 33,
    "medium": 13,
    "poor": 2
  },
  "mean_uncertainty": 1.147467576546286,
  "summary": "Tracked 33 water bodies (avg elevation: 282.2 m, total area: 1708.2 km\u00b2)",
  "analysis_date": "2026-03-18 03:43:52",
  "observation_count": 48
}