{
  "total_features": 48,
  "good_quality_features": 36,
  "mean_elevation": 267.36310007671955,
  "median_elevation": 181.20262964813764,
  "std_elevation": 255.62964261402374,
  "min_elevation": 0.07097287536493302,
  "max_elevation": 1037.1195933863205,
  "total_water_area_km2": 1576.4919858380165,
  "elevation_change": 343.66032386671975,
  "spatial_stats": {
    "longitude_range": [
      -121.78141414079505,
      -76.72369218045478
    ],
    "latitude_range": [
      25.058914528775897,
      48.33354453515532
    ],
    "centroid_lon": -96.3182081420232,
    "centroid_lat": 35.81083229386988
  },
  "quality_distribution": {
    "good": 36,
    "medium": 7,
    "poor": 5
  },
  "mean_uncertainty": 1.0167038526330627,
  "summary": "Tracked 36 water bodies (avg elevation: 267.4 m, total area: 1576.5 km\u00b2)",
  "analysis_date": "2026-04-07 22:39:29",
  "observation_count": 48
}