{
  "total_features": 48,
  "good_quality_features": 35,
  "mean_elevation": 261.80527782735277,
  "median_elevation": 198.89877913159606,
  "std_elevation": 221.65980822690412,
  "min_elevation": 1.5498607660199704,
  "max_elevation": 1046.2379713608248,
  "total_water_area_km2": 1400.8134230261594,
  "elevation_change": 307.1308081152108,
  "spatial_stats": {
    "longitude_range": [
      -120.80048094572436,
      -79.05571728606894
    ],
    "latitude_range": [
      26.236626794582133,
      48.1552791006946
    ],
    "centroid_lon": -95.73881724807683,
    "centroid_lat": 35.802559489937806
  },
  "quality_distribution": {
    "good": 35,
    "medium": 10,
    "poor": 3
  },
  "mean_uncertainty": 1.12785982608948,
  "summary": "Tracked 35 water bodies (avg elevation: 261.8 m, total area: 1400.8 km\u00b2)",
  "analysis_date": "2026-01-19 07:35:02",
  "observation_count": 48
}