{
  "total_features": 48,
  "good_quality_features": 31,
  "mean_elevation": 330.9431841491215,
  "median_elevation": 247.01830478263548,
  "std_elevation": 320.943378413924,
  "min_elevation": 5.811625291516248,
  "max_elevation": 1155.1513436446457,
  "total_water_area_km2": 1465.493648742673,
  "elevation_change": 444.95520697961297,
  "spatial_stats": {
    "longitude_range": [
      -120.1888654789739,
      -78.1388022697549
    ],
    "latitude_range": [
      25.060967576046664,
      48.911814290415805
    ],
    "centroid_lon": -99.23010808392101,
    "centroid_lat": 35.5302119225111
  },
  "quality_distribution": {
    "good": 31,
    "medium": 13,
    "poor": 4
  },
  "mean_uncertainty": 0.8567692736547227,
  "summary": "Tracked 31 water bodies (avg elevation: 330.9 m, total area: 1465.5 km\u00b2)",
  "analysis_date": "2026-02-18 14:09:33",
  "observation_count": 48
}