{
  "total_features": 48,
  "good_quality_features": 30,
  "mean_elevation": 218.84078994762677,
  "median_elevation": 183.45864515245546,
  "std_elevation": 150.93259768437565,
  "min_elevation": 0.302542170104092,
  "max_elevation": 612.4722365073413,
  "total_water_area_km2": 1445.7859293674078,
  "elevation_change": 227.8435746134184,
  "spatial_stats": {
    "longitude_range": [
      -121.95363071931396,
      -79.69180043963003
    ],
    "latitude_range": [
      25.52498482190659,
      48.92569971704703
    ],
    "centroid_lon": -97.77192453054502,
    "centroid_lat": 36.396333699608576
  },
  "quality_distribution": {
    "good": 30,
    "medium": 11,
    "poor": 7
  },
  "mean_uncertainty": 1.1820389728421898,
  "summary": "Tracked 30 water bodies (avg elevation: 218.8 m, total area: 1445.8 km\u00b2)",
  "analysis_date": "2026-06-10 05:25:11",
  "observation_count": 48
}