{
  "total_features": 48,
  "good_quality_features": 35,
  "mean_elevation": 253.60434900415817,
  "median_elevation": 181.72578934895364,
  "std_elevation": 230.4769820204452,
  "min_elevation": 0.909144535410159,
  "max_elevation": 1044.386880760806,
  "total_water_area_km2": 1685.1992603190968,
  "elevation_change": 313.5109285134839,
  "spatial_stats": {
    "longitude_range": [
      -121.90941002555107,
      -76.45247040706036
    ],
    "latitude_range": [
      26.273710030577643,
      48.32437478894906
    ],
    "centroid_lon": -97.5358151116262,
    "centroid_lat": 35.45982381052731
  },
  "quality_distribution": {
    "good": 35,
    "medium": 7,
    "poor": 6
  },
  "mean_uncertainty": 1.0357356823496733,
  "summary": "Tracked 35 water bodies (avg elevation: 253.6 m, total area: 1685.2 km\u00b2)",
  "analysis_date": "2026-03-14 03:29:48",
  "observation_count": 48
}