{
  "total_features": 48,
  "good_quality_features": 36,
  "mean_elevation": 302.92740268374644,
  "median_elevation": 211.1316332014115,
  "std_elevation": 272.8440834329162,
  "min_elevation": 3.4065997392764134,
  "max_elevation": 1113.6169284928083,
  "total_water_area_km2": 1776.5233388417025,
  "elevation_change": 373.92063844001063,
  "spatial_stats": {
    "longitude_range": [
      -121.65227866403166,
      -78.79224111593632
    ],
    "latitude_range": [
      25.055723151615947,
      47.857361089700305
    ],
    "centroid_lon": -98.11495306022599,
    "centroid_lat": 34.99681576969003
  },
  "quality_distribution": {
    "good": 36,
    "poor": 7,
    "medium": 5
  },
  "mean_uncertainty": 1.170911009605489,
  "summary": "Tracked 36 water bodies (avg elevation: 302.9 m, total area: 1776.5 km\u00b2)",
  "analysis_date": "2026-06-21 18:23:47",
  "observation_count": 48
}