{
  "total_features": 48,
  "good_quality_features": 39,
  "mean_elevation": 256.5187184794124,
  "median_elevation": 214.39821129391282,
  "std_elevation": 249.8508676274726,
  "min_elevation": 1.8667153129214376,
  "max_elevation": 1100.485233977418,
  "total_water_area_km2": 2201.5326928581912,
  "elevation_change": 315.75567247080727,
  "spatial_stats": {
    "longitude_range": [
      -121.96056352430033,
      -80.03184677364167
    ],
    "latitude_range": [
      25.077516588158453,
      45.98471075051295
    ],
    "centroid_lon": -97.22658712173597,
    "centroid_lat": 34.466248910390306
  },
  "quality_distribution": {
    "good": 39,
    "medium": 6,
    "poor": 3
  },
  "mean_uncertainty": 0.9468559912322223,
  "summary": "Tracked 39 water bodies (avg elevation: 256.5 m, total area: 2201.5 km\u00b2)",
  "analysis_date": "2025-11-10 07:25:27",
  "observation_count": 48
}