{
  "total_features": 48,
  "good_quality_features": 34,
  "mean_elevation": 275.13127618508605,
  "median_elevation": 230.9897860801725,
  "std_elevation": 220.27312536541595,
  "min_elevation": 1.275262959638912,
  "max_elevation": 946.3560006321293,
  "total_water_area_km2": 1871.4413102223987,
  "elevation_change": 307.01482165062276,
  "spatial_stats": {
    "longitude_range": [
      -120.8220058239921,
      -76.1936728275846
    ],
    "latitude_range": [
      25.27380643112446,
      47.77849909989301
    ],
    "centroid_lon": -99.21163248460135,
    "centroid_lat": 36.732930257728555
  },
  "quality_distribution": {
    "good": 34,
    "medium": 10,
    "poor": 4
  },
  "mean_uncertainty": 1.094538783722389,
  "summary": "Tracked 34 water bodies (avg elevation: 275.1 m, total area: 1871.4 km\u00b2)",
  "analysis_date": "2026-02-28 13:40:18",
  "observation_count": 48
}