{
  "total_features": 48,
  "good_quality_features": 31,
  "mean_elevation": 284.2732775369896,
  "median_elevation": 180.87688161313355,
  "std_elevation": 323.2765432041899,
  "min_elevation": 0.9742254119718641,
  "max_elevation": 1171.7963119847425,
  "total_water_area_km2": 1408.017147293973,
  "elevation_change": 403.3731410964781,
  "spatial_stats": {
    "longitude_range": [
      -121.10134133714647,
      -80.00858347183294
    ],
    "latitude_range": [
      25.25335641199798,
      47.51661795791565
    ],
    "centroid_lon": -96.79722362750583,
    "centroid_lat": 36.03393137514141
  },
  "quality_distribution": {
    "good": 31,
    "medium": 13,
    "poor": 4
  },
  "mean_uncertainty": 0.9627478086640232,
  "summary": "Tracked 31 water bodies (avg elevation: 284.3 m, total area: 1408.0 km\u00b2)",
  "analysis_date": "2025-12-12 07:28:55",
  "observation_count": 48
}