{
  "total_features": 48,
  "good_quality_features": 32,
  "mean_elevation": 286.75043123336354,
  "median_elevation": 179.36325150098025,
  "std_elevation": 309.72424997948576,
  "min_elevation": 3.9219363829036427,
  "max_elevation": 1137.9277002765837,
  "total_water_area_km2": 1707.3731806216374,
  "elevation_change": 366.0610138386985,
  "spatial_stats": {
    "longitude_range": [
      -121.34209144314771,
      -76.27206720021177
    ],
    "latitude_range": [
      25.655230656910543,
      47.60210854346128
    ],
    "centroid_lon": -98.84503636302773,
    "centroid_lat": 36.33740488096777
  },
  "quality_distribution": {
    "good": 32,
    "medium": 11,
    "poor": 5
  },
  "mean_uncertainty": 1.0280508593012028,
  "summary": "Tracked 32 water bodies (avg elevation: 286.8 m, total area: 1707.4 km\u00b2)",
  "analysis_date": "2026-07-21 22:57:36",
  "observation_count": 48
}