{
  "total_features": 48,
  "good_quality_features": 30,
  "mean_elevation": 269.2144636951573,
  "median_elevation": 188.89373709615194,
  "std_elevation": 236.84028492728083,
  "min_elevation": 1.8113204288428353,
  "max_elevation": 1021.9431048007247,
  "total_water_area_km2": 1281.0082478779323,
  "elevation_change": 286.21598002729854,
  "spatial_stats": {
    "longitude_range": [
      -120.31558332238589,
      -77.99318542955189
    ],
    "latitude_range": [
      25.33674715603977,
      47.85499296653008
    ],
    "centroid_lon": -97.57605647018177,
    "centroid_lat": 36.59922436742256
  },
  "quality_distribution": {
    "good": 30,
    "medium": 14,
    "poor": 4
  },
  "mean_uncertainty": 0.9739874435446498,
  "summary": "Tracked 30 water bodies (avg elevation: 269.2 m, total area: 1281.0 km\u00b2)",
  "analysis_date": "2026-01-22 07:34:19",
  "observation_count": 48
}