{
  "total_features": 48,
  "good_quality_features": 33,
  "mean_elevation": 279.8152721319841,
  "median_elevation": 183.7402660733209,
  "std_elevation": 245.3391902605126,
  "min_elevation": 4.628994330057531,
  "max_elevation": 959.7227726769011,
  "total_water_area_km2": 1773.1907346830803,
  "elevation_change": 332.539482671747,
  "spatial_stats": {
    "longitude_range": [
      -121.10263164162755,
      -76.07861971207166
    ],
    "latitude_range": [
      25.22900992441356,
      48.58461970919754
    ],
    "centroid_lon": -97.48171941601082,
    "centroid_lat": 35.86898710596255
  },
  "quality_distribution": {
    "good": 33,
    "medium": 12,
    "poor": 3
  },
  "mean_uncertainty": 1.174045535758585,
  "summary": "Tracked 33 water bodies (avg elevation: 279.8 m, total area: 1773.2 km\u00b2)",
  "analysis_date": "2026-07-17 18:12:07",
  "observation_count": 48
}