{
  "total_features": 48,
  "good_quality_features": 36,
  "mean_elevation": 267.4083728364279,
  "median_elevation": 203.84079779413065,
  "std_elevation": 226.26606253912638,
  "min_elevation": 1.562420753442475,
  "max_elevation": 1053.3584961430438,
  "total_water_area_km2": 1780.5063917051136,
  "elevation_change": 316.4953466320097,
  "spatial_stats": {
    "longitude_range": [
      -121.18682414352904,
      -77.76454304714647
    ],
    "latitude_range": [
      25.95543658400218,
      48.33940283275885
    ],
    "centroid_lon": -99.3216612451989,
    "centroid_lat": 35.85649312608011
  },
  "quality_distribution": {
    "good": 36,
    "medium": 8,
    "poor": 4
  },
  "mean_uncertainty": 1.0728406636937304,
  "summary": "Tracked 36 water bodies (avg elevation: 267.4 m, total area: 1780.5 km\u00b2)",
  "analysis_date": "2026-04-03 08:04:44",
  "observation_count": 48
}