{
  "total_features": 48,
  "good_quality_features": 37,
  "mean_elevation": 279.8513505959336,
  "median_elevation": 203.30505408792166,
  "std_elevation": 250.78670646440136,
  "min_elevation": 1.8489975751975163,
  "max_elevation": 1091.3424901301019,
  "total_water_area_km2": 1527.7295113867553,
  "elevation_change": 329.2321439021275,
  "spatial_stats": {
    "longitude_range": [
      -121.94247384590781,
      -77.03789619326209
    ],
    "latitude_range": [
      25.54431708009275,
      48.038829585886184
    ],
    "centroid_lon": -98.43927124227955,
    "centroid_lat": 35.94925346149189
  },
  "quality_distribution": {
    "good": 37,
    "medium": 8,
    "poor": 3
  },
  "mean_uncertainty": 1.0060195304198534,
  "summary": "Tracked 37 water bodies (avg elevation: 279.9 m, total area: 1527.7 km\u00b2)",
  "analysis_date": "2026-04-13 07:19:12",
  "observation_count": 48
}