{
  "total_features": 48,
  "good_quality_features": 37,
  "mean_elevation": 298.4112175034319,
  "median_elevation": 183.8675589417867,
  "std_elevation": 297.4944286119128,
  "min_elevation": 1.8273983745015976,
  "max_elevation": 1167.2830947224595,
  "total_water_area_km2": 1702.0553244901942,
  "elevation_change": 403.9886905696918,
  "spatial_stats": {
    "longitude_range": [
      -121.63626992644262,
      -79.08223954330877
    ],
    "latitude_range": [
      25.63005897687229,
      46.934817287678804
    ],
    "centroid_lon": -98.89524861911757,
    "centroid_lat": 36.36567864915277
  },
  "quality_distribution": {
    "good": 37,
    "medium": 11
  },
  "mean_uncertainty": 1.0758762639505959,
  "summary": "Tracked 37 water bodies (avg elevation: 298.4 m, total area: 1702.1 km\u00b2)",
  "analysis_date": "2026-06-24 18:55:09",
  "observation_count": 48
}