{
  "total_features": 48,
  "good_quality_features": 33,
  "mean_elevation": 288.03559945598715,
  "median_elevation": 177.94417053083555,
  "std_elevation": 334.23886030416895,
  "min_elevation": 1.365582068517397,
  "max_elevation": 1119.160352111037,
  "total_water_area_km2": 1899.2188448590607,
  "elevation_change": 427.37583315297115,
  "spatial_stats": {
    "longitude_range": [
      -121.78822486068805,
      -80.03052165283478
    ],
    "latitude_range": [
      25.40651740549104,
      46.417216515548176
    ],
    "centroid_lon": -98.02654611358383,
    "centroid_lat": 35.51650636639013
  },
  "quality_distribution": {
    "good": 33,
    "medium": 8,
    "poor": 7
  },
  "mean_uncertainty": 1.079411195273645,
  "summary": "Tracked 33 water bodies (avg elevation: 288.0 m, total area: 1899.2 km\u00b2)",
  "analysis_date": "2026-03-14 07:39:11",
  "observation_count": 48
}