{
  "total_features": 48,
  "good_quality_features": 29,
  "mean_elevation": 240.14676068109958,
  "median_elevation": 178.39551685400508,
  "std_elevation": 218.80769236135816,
  "min_elevation": 1.967751175197593,
  "max_elevation": 717.5760721825397,
  "total_water_area_km2": 1397.9298077891517,
  "elevation_change": 326.04837416168783,
  "spatial_stats": {
    "longitude_range": [
      -121.52273649037004,
      -76.93983861734648
    ],
    "latitude_range": [
      25.187218079746227,
      48.408204899768315
    ],
    "centroid_lon": -95.9450539328273,
    "centroid_lat": 35.070658302138455
  },
  "quality_distribution": {
    "good": 29,
    "medium": 14,
    "poor": 5
  },
  "mean_uncertainty": 1.1687711724952072,
  "summary": "Tracked 29 water bodies (avg elevation: 240.1 m, total area: 1397.9 km\u00b2)",
  "analysis_date": "2026-05-15 22:05:08",
  "observation_count": 48
}