{
  "total_features": 48,
  "good_quality_features": 31,
  "mean_elevation": 289.17783674214263,
  "median_elevation": 178.93727682843237,
  "std_elevation": 287.99540328390566,
  "min_elevation": 0.13440208297750833,
  "max_elevation": 1133.888637662523,
  "total_water_area_km2": 1790.696319249847,
  "elevation_change": 371.65808281647963,
  "spatial_stats": {
    "longitude_range": [
      -121.31365581450844,
      -76.70897449066975
    ],
    "latitude_range": [
      27.2833000726497,
      48.36716669212895
    ],
    "centroid_lon": -97.66701754896256,
    "centroid_lat": 35.98435984888807
  },
  "quality_distribution": {
    "good": 31,
    "medium": 13,
    "poor": 4
  },
  "mean_uncertainty": 1.0153992082253505,
  "summary": "Tracked 31 water bodies (avg elevation: 289.2 m, total area: 1790.7 km\u00b2)",
  "analysis_date": "2026-01-21 13:51:01",
  "observation_count": 48
}