{
  "total_features": 48,
  "good_quality_features": 31,
  "mean_elevation": 247.36242789106498,
  "median_elevation": 181.53849762129542,
  "std_elevation": 238.54418553423375,
  "min_elevation": 2.030159455397037,
  "max_elevation": 1057.338010487281,
  "total_water_area_km2": 1572.6249896214474,
  "elevation_change": 278.29908888301225,
  "spatial_stats": {
    "longitude_range": [
      -119.96765630610578,
      -80.23096937083109
    ],
    "latitude_range": [
      25.634628462241622,
      48.811562661982165
    ],
    "centroid_lon": -95.2276002965106,
    "centroid_lat": 37.10055968295835
  },
  "quality_distribution": {
    "good": 31,
    "medium": 10,
    "poor": 7
  },
  "mean_uncertainty": 1.0474304798719942,
  "summary": "Tracked 31 water bodies (avg elevation: 247.4 m, total area: 1572.6 km\u00b2)",
  "analysis_date": "2026-04-28 19:43:08",
  "observation_count": 48
}