{
  "total_features": 48,
  "good_quality_features": 33,
  "mean_elevation": 316.71966076614115,
  "median_elevation": 203.3981475110504,
  "std_elevation": 319.328959459458,
  "min_elevation": 0.8195756034235713,
  "max_elevation": 1194.8096626970053,
  "total_water_area_km2": 1678.6728163440407,
  "elevation_change": 433.3235769919132,
  "spatial_stats": {
    "longitude_range": [
      -121.81981082449234,
      -77.5706778826288
    ],
    "latitude_range": [
      25.542895836663792,
      48.559859188989684
    ],
    "centroid_lon": -97.66077301413688,
    "centroid_lat": 35.44091098000335
  },
  "quality_distribution": {
    "good": 33,
    "medium": 8,
    "poor": 7
  },
  "mean_uncertainty": 0.9387640756934156,
  "summary": "Tracked 33 water bodies (avg elevation: 316.7 m, total area: 1678.7 km\u00b2)",
  "analysis_date": "2025-11-20 13:34:56",
  "observation_count": 48
}