{
  "total_features": 48,
  "good_quality_features": 28,
  "mean_elevation": 252.51847287758164,
  "median_elevation": 198.51871320150468,
  "std_elevation": 197.86255379391616,
  "min_elevation": 0.2066679190118692,
  "max_elevation": 828.9500178525465,
  "total_water_area_km2": 1279.559641854925,
  "elevation_change": 269.8624919494846,
  "spatial_stats": {
    "longitude_range": [
      -120.27830338909696,
      -80.16785105921196
    ],
    "latitude_range": [
      25.857701202119124,
      48.21918587066731
    ],
    "centroid_lon": -99.57938875661355,
    "centroid_lat": 36.07588101287354
  },
  "quality_distribution": {
    "good": 28,
    "medium": 11,
    "poor": 9
  },
  "mean_uncertainty": 1.0014197411280361,
  "summary": "Tracked 28 water bodies (avg elevation: 252.5 m, total area: 1279.6 km\u00b2)",
  "analysis_date": "2026-07-18 09:26:51",
  "observation_count": 48
}