{
  "total_features": 48,
  "good_quality_features": 33,
  "mean_elevation": 253.36169345683342,
  "median_elevation": 183.21844160880812,
  "std_elevation": 219.91968239317944,
  "min_elevation": 1.858064056300751,
  "max_elevation": 1114.0305733473253,
  "total_water_area_km2": 1671.674577348678,
  "elevation_change": 294.6621187731306,
  "spatial_stats": {
    "longitude_range": [
      -121.8603970743811,
      -76.57671015786585
    ],
    "latitude_range": [
      25.813118577352668,
      45.962313800858034
    ],
    "centroid_lon": -98.81996030683192,
    "centroid_lat": 34.99327082760016
  },
  "quality_distribution": {
    "good": 33,
    "poor": 9,
    "medium": 6
  },
  "mean_uncertainty": 1.0752874106515307,
  "summary": "Tracked 33 water bodies (avg elevation: 253.4 m, total area: 1671.7 km\u00b2)",
  "analysis_date": "2026-05-22 15:52:15",
  "observation_count": 48
}