{
  "total_features": 48,
  "good_quality_features": 36,
  "mean_elevation": 265.9629097155714,
  "median_elevation": 190.37191044829495,
  "std_elevation": 257.786454483376,
  "min_elevation": 1.1102474437706833,
  "max_elevation": 987.2024174553169,
  "total_water_area_km2": 1732.0475999294035,
  "elevation_change": 330.43496744727645,
  "spatial_stats": {
    "longitude_range": [
      -120.94072802929158,
      -76.2627941263586
    ],
    "latitude_range": [
      25.491776307997434,
      47.2148957798114
    ],
    "centroid_lon": -98.23254090142188,
    "centroid_lat": 35.68261296644282
  },
  "quality_distribution": {
    "good": 36,
    "medium": 9,
    "poor": 3
  },
  "mean_uncertainty": 1.0198387074694428,
  "summary": "Tracked 36 water bodies (avg elevation: 266.0 m, total area: 1732.0 km\u00b2)",
  "analysis_date": "2026-01-11 07:27:18",
  "observation_count": 48
}