{
  "total_features": 48,
  "good_quality_features": 28,
  "mean_elevation": 228.19502897202594,
  "median_elevation": 183.35803115718028,
  "std_elevation": 195.49645045532017,
  "min_elevation": 1.8015059279738566,
  "max_elevation": 850.1961761332108,
  "total_water_area_km2": 1304.3888648392842,
  "elevation_change": 270.8801265209793,
  "spatial_stats": {
    "longitude_range": [
      -121.7640037740651,
      -76.4082704890167
    ],
    "latitude_range": [
      25.13303884200119,
      46.648248090184076
    ],
    "centroid_lon": -96.1179216990352,
    "centroid_lat": 35.53606362250924
  },
  "quality_distribution": {
    "good": 28,
    "poor": 12,
    "medium": 8
  },
  "mean_uncertainty": 1.0283546300939768,
  "summary": "Tracked 28 water bodies (avg elevation: 228.2 m, total area: 1304.4 km\u00b2)",
  "analysis_date": "2026-06-30 13:10:47",
  "observation_count": 48
}