{
  "total_features": 48,
  "good_quality_features": 31,
  "mean_elevation": 244.39845150499724,
  "median_elevation": 197.85250721395622,
  "std_elevation": 203.96244617265427,
  "min_elevation": 0.006306782368830088,
  "max_elevation": 850.0925772938638,
  "total_water_area_km2": 1698.366134326603,
  "elevation_change": 266.48932908241517,
  "spatial_stats": {
    "longitude_range": [
      -121.44302268282884,
      -80.32776577637276
    ],
    "latitude_range": [
      25.319146740025367,
      46.57281034488119
    ],
    "centroid_lon": -97.06256793464274,
    "centroid_lat": 35.36731117058806
  },
  "quality_distribution": {
    "good": 31,
    "poor": 9,
    "medium": 8
  },
  "mean_uncertainty": 1.2284710763265356,
  "summary": "Tracked 31 water bodies (avg elevation: 244.4 m, total area: 1698.4 km\u00b2)",
  "analysis_date": "2026-01-20 20:17:12",
  "observation_count": 48
}