{
  "total_features": 48,
  "good_quality_features": 35,
  "mean_elevation": 348.7595390392995,
  "median_elevation": 249.69954646695774,
  "std_elevation": 331.4822272972353,
  "min_elevation": 4.36956662521847,
  "max_elevation": 1188.1901382083506,
  "total_water_area_km2": 1909.6566593318305,
  "elevation_change": 454.62102648935246,
  "spatial_stats": {
    "longitude_range": [
      -121.62287319696061,
      -77.80551321834422
    ],
    "latitude_range": [
      25.078724060506637,
      48.98034143646043
    ],
    "centroid_lon": -96.31146898210659,
    "centroid_lat": 35.607364808115804
  },
  "quality_distribution": {
    "good": 35,
    "medium": 9,
    "poor": 4
  },
  "mean_uncertainty": 0.9117611029030609,
  "summary": "Tracked 35 water bodies (avg elevation: 348.8 m, total area: 1909.7 km\u00b2)",
  "analysis_date": "2026-04-02 08:10:51",
  "observation_count": 48
}