{
  "total_features": 48,
  "good_quality_features": 39,
  "mean_elevation": 233.60446732819292,
  "median_elevation": 177.05204155960917,
  "std_elevation": 265.6587996449577,
  "min_elevation": 1.4075311319085793,
  "max_elevation": 1152.0379251235076,
  "total_water_area_km2": 2071.477127078243,
  "elevation_change": 326.928184046085,
  "spatial_stats": {
    "longitude_range": [
      -121.6168158907289,
      -77.76516625099754
    ],
    "latitude_range": [
      26.11650720709326,
      48.071418960553245
    ],
    "centroid_lon": -97.68113369865783,
    "centroid_lat": 36.101813961585854
  },
  "quality_distribution": {
    "good": 39,
    "medium": 5,
    "poor": 4
  },
  "mean_uncertainty": 1.0397760693917761,
  "summary": "Tracked 39 water bodies (avg elevation: 233.6 m, total area: 2071.5 km\u00b2)",
  "analysis_date": "2026-01-17 02:53:29",
  "observation_count": 48
}