{
  "total_features": 48,
  "good_quality_features": 39,
  "mean_elevation": 316.36361198789626,
  "median_elevation": 243.0735494662246,
  "std_elevation": 277.2580844268392,
  "min_elevation": 0.17637128999004603,
  "max_elevation": 1180.7980580213825,
  "total_water_area_km2": 2009.4520847481874,
  "elevation_change": 394.9892648606838,
  "spatial_stats": {
    "longitude_range": [
      -121.83940288842426,
      -80.0358753529132
    ],
    "latitude_range": [
      25.383721086386824,
      47.23763521983368
    ],
    "centroid_lon": -98.44536879410614,
    "centroid_lat": 35.06869335530766
  },
  "quality_distribution": {
    "good": 39,
    "medium": 7,
    "poor": 2
  },
  "mean_uncertainty": 1.1127285222254675,
  "summary": "Tracked 39 water bodies (avg elevation: 316.4 m, total area: 2009.5 km\u00b2)",
  "analysis_date": "2026-04-27 04:34:58",
  "observation_count": 48
}