{
  "total_features": 48,
  "good_quality_features": 35,
  "mean_elevation": 275.48390906729753,
  "median_elevation": 180.2776665515994,
  "std_elevation": 284.42406486298904,
  "min_elevation": 4.408757277012784,
  "max_elevation": 1129.6354796088071,
  "total_water_area_km2": 1873.5876009172327,
  "elevation_change": 353.42675281728975,
  "spatial_stats": {
    "longitude_range": [
      -121.90859326336364,
      -80.00334719326234
    ],
    "latitude_range": [
      25.193498421014183,
      48.57340737507927
    ],
    "centroid_lon": -96.17704893175672,
    "centroid_lat": 36.05246631855395
  },
  "quality_distribution": {
    "good": 35,
    "medium": 9,
    "poor": 4
  },
  "mean_uncertainty": 1.017757353535882,
  "summary": "Tracked 35 water bodies (avg elevation: 275.5 m, total area: 1873.6 km\u00b2)",
  "analysis_date": "2026-04-06 17:54:32",
  "observation_count": 48
}