{
  "total_features": 48,
  "good_quality_features": 36,
  "mean_elevation": 287.4881937553855,
  "median_elevation": 249.2764502152316,
  "std_elevation": 238.36865518569186,
  "min_elevation": 5.353671000582793,
  "max_elevation": 829.8602203194652,
  "total_water_area_km2": 1711.8090567885938,
  "elevation_change": 398.14150817898366,
  "spatial_stats": {
    "longitude_range": [
      -121.05460551506434,
      -76.30182767857929
    ],
    "latitude_range": [
      25.50956866611494,
      48.075814935897725
    ],
    "centroid_lon": -98.10305857542828,
    "centroid_lat": 34.11134360772314
  },
  "quality_distribution": {
    "good": 36,
    "medium": 9,
    "poor": 3
  },
  "mean_uncertainty": 1.00719469708626,
  "summary": "Tracked 36 water bodies (avg elevation: 287.5 m, total area: 1711.8 km\u00b2)",
  "analysis_date": "2025-12-24 02:54:26",
  "observation_count": 48
}