{
  "total_features": 48,
  "good_quality_features": 29,
  "mean_elevation": 259.9448276195629,
  "median_elevation": 180.6814437754643,
  "std_elevation": 219.52856273760028,
  "min_elevation": 2.815125657950034,
  "max_elevation": 1041.0438729391144,
  "total_water_area_km2": 1423.9245461291155,
  "elevation_change": 273.0521731812105,
  "spatial_stats": {
    "longitude_range": [
      -121.22735265522478,
      -76.15271320966804
    ],
    "latitude_range": [
      27.00500088757301,
      48.33670130992307
    ],
    "centroid_lon": -97.04313540242411,
    "centroid_lat": 36.56423604392883
  },
  "quality_distribution": {
    "good": 29,
    "medium": 17,
    "poor": 2
  },
  "mean_uncertainty": 1.0429260023951084,
  "summary": "Tracked 29 water bodies (avg elevation: 259.9 m, total area: 1423.9 km\u00b2)",
  "analysis_date": "2026-04-25 18:55:49",
  "observation_count": 48
}