{
  "total_features": 48,
  "good_quality_features": 33,
  "mean_elevation": 261.2325840214469,
  "median_elevation": 217.3287691026197,
  "std_elevation": 225.81316703053142,
  "min_elevation": 0.4095125492954832,
  "max_elevation": 1025.6925308392122,
  "total_water_area_km2": 1880.9941307313957,
  "elevation_change": 301.01810687064983,
  "spatial_stats": {
    "longitude_range": [
      -121.58502830928744,
      -79.59085499972788
    ],
    "latitude_range": [
      25.026216537843347,
      48.326318916476225
    ],
    "centroid_lon": -98.17934154893688,
    "centroid_lat": 36.51997640014939
  },
  "quality_distribution": {
    "good": 33,
    "medium": 11,
    "poor": 4
  },
  "mean_uncertainty": 1.0262839354513287,
  "summary": "Tracked 33 water bodies (avg elevation: 261.2 m, total area: 1881.0 km\u00b2)",
  "analysis_date": "2026-02-08 07:42:31",
  "observation_count": 48
}