{
  "total_features": 48,
  "good_quality_features": 37,
  "mean_elevation": 239.72282001424847,
  "median_elevation": 182.67938585761792,
  "std_elevation": 258.4688259858975,
  "min_elevation": 2.329421930870251,
  "max_elevation": 1177.6352716666388,
  "total_water_area_km2": 1863.760193938796,
  "elevation_change": 318.48345984670664,
  "spatial_stats": {
    "longitude_range": [
      -121.7355221547302,
      -76.24443527433536
    ],
    "latitude_range": [
      25.404581642970765,
      47.04482437852683
    ],
    "centroid_lon": -96.38924175562303,
    "centroid_lat": 34.62260021579897
  },
  "quality_distribution": {
    "good": 37,
    "medium": 7,
    "poor": 4
  },
  "mean_uncertainty": 1.08478493588067,
  "summary": "Tracked 37 water bodies (avg elevation: 239.7 m, total area: 1863.8 km\u00b2)",
  "analysis_date": "2026-01-17 07:25:30",
  "observation_count": 48
}