{
  "total_features": 48,
  "good_quality_features": 30,
  "mean_elevation": 237.80266234534074,
  "median_elevation": 201.80237698852477,
  "std_elevation": 139.2168517649647,
  "min_elevation": 3.0812018052104486,
  "max_elevation": 656.5158864407656,
  "total_water_area_km2": 1573.405660049925,
  "elevation_change": 205.36375724114674,
  "spatial_stats": {
    "longitude_range": [
      -121.43664976066235,
      -77.78483051096234
    ],
    "latitude_range": [
      25.460658534448992,
      47.445585565942466
    ],
    "centroid_lon": -98.91745038568509,
    "centroid_lat": 36.223250387032756
  },
  "quality_distribution": {
    "good": 30,
    "medium": 14,
    "poor": 4
  },
  "mean_uncertainty": 1.1422329566135778,
  "summary": "Tracked 30 water bodies (avg elevation: 237.8 m, total area: 1573.4 km\u00b2)",
  "analysis_date": "2025-11-28 13:34:57",
  "observation_count": 48
}