{
  "total_features": 48,
  "good_quality_features": 33,
  "mean_elevation": 219.02521540532803,
  "median_elevation": 179.5386584518349,
  "std_elevation": 241.8319272783399,
  "min_elevation": 0.11663502314357088,
  "max_elevation": 1104.723956705803,
  "total_water_area_km2": 1835.6606802182052,
  "elevation_change": 289.29716104502984,
  "spatial_stats": {
    "longitude_range": [
      -120.10639168119836,
      -77.15072466369617
    ],
    "latitude_range": [
      25.37433582440934,
      45.57212785616833
    ],
    "centroid_lon": -95.50269721482266,
    "centroid_lat": 33.684524462047825
  },
  "quality_distribution": {
    "good": 33,
    "medium": 14,
    "poor": 1
  },
  "mean_uncertainty": 1.2251016606314784,
  "summary": "Tracked 33 water bodies (avg elevation: 219.0 m, total area: 1835.7 km\u00b2)",
  "analysis_date": "2025-12-02 13:41:16",
  "observation_count": 48
}