{
  "total_features": 48,
  "good_quality_features": 34,
  "mean_elevation": 232.26613333943484,
  "median_elevation": 203.75245074451135,
  "std_elevation": 185.95433805516458,
  "min_elevation": 2.4229234459893725,
  "max_elevation": 1013.4276235033664,
  "total_water_area_km2": 1771.3683221682134,
  "elevation_change": 239.73889547441394,
  "spatial_stats": {
    "longitude_range": [
      -121.04567896634826,
      -80.15465403192535
    ],
    "latitude_range": [
      26.213171263106595,
      48.892669719451355
    ],
    "centroid_lon": -98.89545595282388,
    "centroid_lat": 36.35958273057149
  },
  "quality_distribution": {
    "good": 34,
    "medium": 8,
    "poor": 6
  },
  "mean_uncertainty": 0.9719996967782077,
  "summary": "Tracked 34 water bodies (avg elevation: 232.3 m, total area: 1771.4 km\u00b2)",
  "analysis_date": "2026-02-13 19:45:26",
  "observation_count": 48
}