{
  "total_features": 48,
  "good_quality_features": 33,
  "mean_elevation": 225.1972214753029,
  "median_elevation": 182.6050992923997,
  "std_elevation": 216.19482785975322,
  "min_elevation": 5.007547818597447,
  "max_elevation": 1007.4585091778463,
  "total_water_area_km2": 1759.1314123951097,
  "elevation_change": 265.16699791354074,
  "spatial_stats": {
    "longitude_range": [
      -120.9256136426968,
      -77.12277649474927
    ],
    "latitude_range": [
      26.607694492566175,
      48.05912714402843
    ],
    "centroid_lon": -96.05413676557727,
    "centroid_lat": 36.016560131862164
  },
  "quality_distribution": {
    "good": 33,
    "medium": 10,
    "poor": 5
  },
  "mean_uncertainty": 1.1336821391543384,
  "summary": "Tracked 33 water bodies (avg elevation: 225.2 m, total area: 1759.1 km\u00b2)",
  "analysis_date": "2026-05-31 22:07:37",
  "observation_count": 48
}