{
  "total_features": 48,
  "good_quality_features": 36,
  "mean_elevation": 312.5885686028229,
  "median_elevation": 194.48934909534208,
  "std_elevation": 310.04173662765305,
  "min_elevation": 0.49805540247422786,
  "max_elevation": 1131.7204396329626,
  "total_water_area_km2": 1830.3755561518224,
  "elevation_change": 383.1564439373112,
  "spatial_stats": {
    "longitude_range": [
      -121.84858656007069,
      -78.37543716095867
    ],
    "latitude_range": [
      25.087302273245726,
      48.052142517887354
    ],
    "centroid_lon": -97.29789295403025,
    "centroid_lat": 35.42922730440702
  },
  "quality_distribution": {
    "good": 36,
    "medium": 10,
    "poor": 2
  },
  "mean_uncertainty": 1.0309403686204455,
  "summary": "Tracked 36 water bodies (avg elevation: 312.6 m, total area: 1830.4 km\u00b2)",
  "analysis_date": "2026-07-08 22:14:02",
  "observation_count": 48
}