{
  "total_features": 48,
  "good_quality_features": 30,
  "mean_elevation": 278.87514696729886,
  "median_elevation": 173.19738129774663,
  "std_elevation": 313.19805960202416,
  "min_elevation": 0.34017329438797206,
  "max_elevation": 1184.016906833533,
  "total_water_area_km2": 1592.5685802641817,
  "elevation_change": 366.3171555780777,
  "spatial_stats": {
    "longitude_range": [
      -121.08043048554724,
      -78.8735699216259
    ],
    "latitude_range": [
      26.013154309358107,
      48.5555340190667
    ],
    "centroid_lon": -94.20854986566201,
    "centroid_lat": 36.4286579268354
  },
  "quality_distribution": {
    "good": 30,
    "medium": 12,
    "poor": 6
  },
  "mean_uncertainty": 1.0603349758989684,
  "summary": "Tracked 30 water bodies (avg elevation: 278.9 m, total area: 1592.6 km\u00b2)",
  "analysis_date": "2025-11-13 02:47:19",
  "observation_count": 48
}