{
  "total_features": 48,
  "good_quality_features": 33,
  "mean_elevation": 256.4988739761746,
  "median_elevation": 177.94283975011115,
  "std_elevation": 261.0135603741724,
  "min_elevation": 0.550297568372613,
  "max_elevation": 1136.2645293839787,
  "total_water_area_km2": 1553.3244711855145,
  "elevation_change": 329.0435753686748,
  "spatial_stats": {
    "longitude_range": [
      -121.03447259996547,
      -79.62596251794125
    ],
    "latitude_range": [
      25.01684430433437,
      48.17976420629898
    ],
    "centroid_lon": -97.14278825467913,
    "centroid_lat": 35.60798383399337
  },
  "quality_distribution": {
    "good": 33,
    "medium": 11,
    "poor": 4
  },
  "mean_uncertainty": 1.0022553913936345,
  "summary": "Tracked 33 water bodies (avg elevation: 256.5 m, total area: 1553.3 km\u00b2)",
  "analysis_date": "2026-02-01 03:51:13",
  "observation_count": 48
}