{
  "total_features": 48,
  "good_quality_features": 37,
  "mean_elevation": 272.5754875700621,
  "median_elevation": 200.45509654092848,
  "std_elevation": 242.2242827751612,
  "min_elevation": 3.8388533515192194,
  "max_elevation": 1086.104656572728,
  "total_water_area_km2": 1658.8190783935731,
  "elevation_change": 330.57504860780546,
  "spatial_stats": {
    "longitude_range": [
      -121.83734270066792,
      -80.03710828590704
    ],
    "latitude_range": [
      25.627223436004968,
      48.28387331337778
    ],
    "centroid_lon": -97.89188752562606,
    "centroid_lat": 35.157359068881206
  },
  "quality_distribution": {
    "good": 37,
    "medium": 6,
    "poor": 5
  },
  "mean_uncertainty": 0.99871111752776,
  "summary": "Tracked 37 water bodies (avg elevation: 272.6 m, total area: 1658.8 km\u00b2)",
  "analysis_date": "2026-01-07 03:00:02",
  "observation_count": 48
}