{
  "total_features": 48,
  "good_quality_features": 36,
  "mean_elevation": 251.7390868010694,
  "median_elevation": 195.17154904152963,
  "std_elevation": 243.29983222602357,
  "min_elevation": 1.1480166331724029,
  "max_elevation": 1169.8410284094114,
  "total_water_area_km2": 1784.5385761455182,
  "elevation_change": 274.3603207959932,
  "spatial_stats": {
    "longitude_range": [
      -121.87287431000286,
      -79.6006305225869
    ],
    "latitude_range": [
      25.175960640024005,
      45.885297970024304
    ],
    "centroid_lon": -97.87317888685513,
    "centroid_lat": 35.22601432026335
  },
  "quality_distribution": {
    "good": 36,
    "medium": 10,
    "poor": 2
  },
  "mean_uncertainty": 0.9927235071943221,
  "summary": "Tracked 36 water bodies (avg elevation: 251.7 m, total area: 1784.5 km\u00b2)",
  "analysis_date": "2026-04-09 05:49:51",
  "observation_count": 48
}