{
  "total_features": 48,
  "good_quality_features": 29,
  "mean_elevation": 243.29741339526126,
  "median_elevation": 179.6780818986157,
  "std_elevation": 259.1862302543891,
  "min_elevation": 3.249652297293577,
  "max_elevation": 1060.1938245346653,
  "total_water_area_km2": 1389.4337883900594,
  "elevation_change": 329.4880368068871,
  "spatial_stats": {
    "longitude_range": [
      -121.71232352715352,
      -77.63595776427607
    ],
    "latitude_range": [
      25.144434827430803,
      48.07233043968577
    ],
    "centroid_lon": -97.37614284162281,
    "centroid_lat": 35.04174212783867
  },
  "quality_distribution": {
    "good": 29,
    "medium": 12,
    "poor": 7
  },
  "mean_uncertainty": 0.943696059002262,
  "summary": "Tracked 29 water bodies (avg elevation: 243.3 m, total area: 1389.4 km\u00b2)",
  "analysis_date": "2026-04-29 07:29:35",
  "observation_count": 48
}