{
  "total_features": 48,
  "good_quality_features": 33,
  "mean_elevation": 279.21996741847295,
  "median_elevation": 228.1568940024124,
  "std_elevation": 273.7196519207043,
  "min_elevation": 1.3808714448287962,
  "max_elevation": 1185.4438965536901,
  "total_water_area_km2": 1759.6890111927128,
  "elevation_change": 328.1012348512599,
  "spatial_stats": {
    "longitude_range": [
      -121.70270238674651,
      -78.33147472705038
    ],
    "latitude_range": [
      25.06751381046769,
      48.38744106533786
    ],
    "centroid_lon": -96.7222562317264,
    "centroid_lat": 36.022916641032815
  },
  "quality_distribution": {
    "good": 33,
    "medium": 10,
    "poor": 5
  },
  "mean_uncertainty": 1.131689259662803,
  "summary": "Tracked 33 water bodies (avg elevation: 279.2 m, total area: 1759.7 km\u00b2)",
  "analysis_date": "2026-01-16 13:42:03",
  "observation_count": 48
}