{
  "total_features": 48,
  "good_quality_features": 25,
  "mean_elevation": 265.92559097164207,
  "median_elevation": 181.38256495302878,
  "std_elevation": 242.88782427158125,
  "min_elevation": 0.08262772007988084,
  "max_elevation": 1065.176291492551,
  "total_water_area_km2": 1294.7204541781787,
  "elevation_change": 348.0508913008749,
  "spatial_stats": {
    "longitude_range": [
      -120.58568846710959,
      -78.10220597888818
    ],
    "latitude_range": [
      25.11241070680343,
      48.47490259596053
    ],
    "centroid_lon": -96.71322487971177,
    "centroid_lat": 36.011878023832146
  },
  "quality_distribution": {
    "good": 25,
    "medium": 19,
    "poor": 4
  },
  "mean_uncertainty": 1.0453814437618514,
  "summary": "Tracked 25 water bodies (avg elevation: 265.9 m, total area: 1294.7 km\u00b2)",
  "analysis_date": "2026-06-26 05:16:29",
  "observation_count": 48
}