{
  "total_features": 48,
  "good_quality_features": 34,
  "mean_elevation": 259.81456930393534,
  "median_elevation": 188.63983658058035,
  "std_elevation": 224.70427395366144,
  "min_elevation": 0.9886158938314682,
  "max_elevation": 1080.6605543725989,
  "total_water_area_km2": 1968.477025456659,
  "elevation_change": 289.624308594838,
  "spatial_stats": {
    "longitude_range": [
      -121.39400906977532,
      -79.06362577853633
    ],
    "latitude_range": [
      25.112783080325443,
      45.60567895846199
    ],
    "centroid_lon": -97.63438733663304,
    "centroid_lat": 36.2840790528933
  },
  "quality_distribution": {
    "good": 34,
    "medium": 11,
    "poor": 3
  },
  "mean_uncertainty": 1.0307708059296772,
  "summary": "Tracked 34 water bodies (avg elevation: 259.8 m, total area: 1968.5 km\u00b2)",
  "analysis_date": "2025-11-30 13:30:56",
  "observation_count": 48
}