{
  "total_features": 48,
  "good_quality_features": 34,
  "mean_elevation": 310.8016079695706,
  "median_elevation": 182.5015464694151,
  "std_elevation": 325.74631690466936,
  "min_elevation": 3.454817895156208,
  "max_elevation": 1173.9670269400547,
  "total_water_area_km2": 1836.741532156385,
  "elevation_change": 404.99029541545775,
  "spatial_stats": {
    "longitude_range": [
      -120.42484230245131,
      -80.24189732209936
    ],
    "latitude_range": [
      25.659851398477784,
      48.224990614695486
    ],
    "centroid_lon": -96.88642487623784,
    "centroid_lat": 36.3870109737439
  },
  "quality_distribution": {
    "good": 34,
    "medium": 14
  },
  "mean_uncertainty": 1.0635544702201607,
  "summary": "Tracked 34 water bodies (avg elevation: 310.8 m, total area: 1836.7 km\u00b2)",
  "analysis_date": "2025-12-10 19:23:47",
  "observation_count": 48
}