{
  "total_features": 48,
  "good_quality_features": 34,
  "mean_elevation": 260.44678603911586,
  "median_elevation": 176.0442159435758,
  "std_elevation": 284.72609076967206,
  "min_elevation": 0.44166887061856563,
  "max_elevation": 1156.500220212115,
  "total_water_area_km2": 1726.3799160618498,
  "elevation_change": 384.49458317701556,
  "spatial_stats": {
    "longitude_range": [
      -121.63865763265098,
      -76.48564775851952
    ],
    "latitude_range": [
      25.285602510176354,
      48.475824821717836
    ],
    "centroid_lon": -96.25508313292454,
    "centroid_lat": 35.365762203382985
  },
  "quality_distribution": {
    "good": 34,
    "medium": 10,
    "poor": 4
  },
  "mean_uncertainty": 1.0704699582046404,
  "summary": "Tracked 34 water bodies (avg elevation: 260.4 m, total area: 1726.4 km\u00b2)",
  "analysis_date": "2026-02-24 07:55:12",
  "observation_count": 48
}