{
  "total_features": 48,
  "good_quality_features": 35,
  "mean_elevation": 249.22663120529327,
  "median_elevation": 183.72168075958047,
  "std_elevation": 217.1562494136676,
  "min_elevation": 3.3605371922621083,
  "max_elevation": 1055.1829581168968,
  "total_water_area_km2": 1845.0858479057986,
  "elevation_change": 274.78949916715294,
  "spatial_stats": {
    "longitude_range": [
      -121.60510041267281,
      -80.18039684716639
    ],
    "latitude_range": [
      25.060710891306563,
      48.36709087663732
    ],
    "centroid_lon": -99.38593296755919,
    "centroid_lat": 35.689546994127724
  },
  "quality_distribution": {
    "good": 35,
    "medium": 11,
    "poor": 2
  },
  "mean_uncertainty": 1.0056371227683882,
  "summary": "Tracked 35 water bodies (avg elevation: 249.2 m, total area: 1845.1 km\u00b2)",
  "analysis_date": "2026-06-06 10:04:52",
  "observation_count": 48
}