{
  "total_features": 48,
  "good_quality_features": 40,
  "mean_elevation": 256.43523683483073,
  "median_elevation": 229.82981012417497,
  "std_elevation": 228.0059941090493,
  "min_elevation": 0.5077561648613638,
  "max_elevation": 1074.38611060335,
  "total_water_area_km2": 2352.552077257813,
  "elevation_change": 300.86511470691187,
  "spatial_stats": {
    "longitude_range": [
      -121.83726490903562,
      -78.71714978723786
    ],
    "latitude_range": [
      25.5662562824165,
      48.62147340693265
    ],
    "centroid_lon": -96.53307976004837,
    "centroid_lat": 35.917731283433966
  },
  "quality_distribution": {
    "good": 40,
    "medium": 6,
    "poor": 2
  },
  "mean_uncertainty": 1.111262658961591,
  "summary": "Tracked 40 water bodies (avg elevation: 256.4 m, total area: 2352.6 km\u00b2)",
  "analysis_date": "2026-05-08 10:45:21",
  "observation_count": 48
}