{
  "total_features": 48,
  "good_quality_features": 34,
  "mean_elevation": 316.2555110550686,
  "median_elevation": 213.86242768722715,
  "std_elevation": 326.7004749899886,
  "min_elevation": 0.9438308805095119,
  "max_elevation": 1144.2671067652193,
  "total_water_area_km2": 1512.0239986261706,
  "elevation_change": 424.06323690472254,
  "spatial_stats": {
    "longitude_range": [
      -121.88920279683046,
      -76.46402327646715
    ],
    "latitude_range": [
      25.336530138363877,
      47.03512747063232
    ],
    "centroid_lon": -97.4755168071263,
    "centroid_lat": 35.672262143886165
  },
  "quality_distribution": {
    "good": 34,
    "poor": 8,
    "medium": 6
  },
  "mean_uncertainty": 1.0973852035409501,
  "summary": "Tracked 34 water bodies (avg elevation: 316.3 m, total area: 1512.0 km\u00b2)",
  "analysis_date": "2025-10-31 02:43:24",
  "observation_count": 48
}