{
  "total_features": 48,
  "good_quality_features": 35,
  "mean_elevation": 309.4651462514468,
  "median_elevation": 183.12160061245794,
  "std_elevation": 328.50867147259027,
  "min_elevation": 2.3904435329871756,
  "max_elevation": 1109.4826338479363,
  "total_water_area_km2": 1788.7855342808884,
  "elevation_change": 420.2799076521235,
  "spatial_stats": {
    "longitude_range": [
      -121.57436495626689,
      -76.08532922892475
    ],
    "latitude_range": [
      25.002563663939856,
      47.20415773473759
    ],
    "centroid_lon": -95.1644533865768,
    "centroid_lat": 35.72402185629198
  },
  "quality_distribution": {
    "good": 35,
    "medium": 11,
    "poor": 2
  },
  "mean_uncertainty": 1.0614724864274372,
  "summary": "Tracked 35 water bodies (avg elevation: 309.5 m, total area: 1788.8 km\u00b2)",
  "analysis_date": "2025-12-08 07:29:38",
  "observation_count": 48
}