{
  "total_features": 48,
  "good_quality_features": 37,
  "mean_elevation": 268.20358290417465,
  "median_elevation": 183.38555945275132,
  "std_elevation": 262.86583738823543,
  "min_elevation": 2.5967571295547156,
  "max_elevation": 1068.103721884342,
  "total_water_area_km2": 1827.498049109031,
  "elevation_change": 352.1921587246478,
  "spatial_stats": {
    "longitude_range": [
      -121.61680883038036,
      -80.25344768238995
    ],
    "latitude_range": [
      25.519707554074813,
      47.38344103459112
    ],
    "centroid_lon": -98.76223983001147,
    "centroid_lat": 36.19111641339831
  },
  "quality_distribution": {
    "good": 37,
    "medium": 8,
    "poor": 3
  },
  "mean_uncertainty": 0.9756841657654655,
  "summary": "Tracked 37 water bodies (avg elevation: 268.2 m, total area: 1827.5 km\u00b2)",
  "analysis_date": "2026-07-13 15:46:34",
  "observation_count": 48
}