{
  "total_features": 48,
  "good_quality_features": 41,
  "mean_elevation": 266.29977870495895,
  "median_elevation": 182.46260773933474,
  "std_elevation": 218.1812031938004,
  "min_elevation": 0.4137551343933832,
  "max_elevation": 984.149927897803,
  "total_water_area_km2": 2010.9209219271256,
  "elevation_change": 310.53402005971526,
  "spatial_stats": {
    "longitude_range": [
      -121.90818700903067,
      -78.22101439863079
    ],
    "latitude_range": [
      26.15164309550383,
      48.22039621843417
    ],
    "centroid_lon": -99.02914262766292,
    "centroid_lat": 36.74860912672441
  },
  "quality_distribution": {
    "good": 41,
    "medium": 4,
    "poor": 3
  },
  "mean_uncertainty": 0.973363480554854,
  "summary": "Tracked 41 water bodies (avg elevation: 266.3 m, total area: 2010.9 km\u00b2)",
  "analysis_date": "2025-12-08 19:23:15",
  "observation_count": 48
}