{
  "total_features": 48,
  "good_quality_features": 30,
  "mean_elevation": 255.76644690037924,
  "median_elevation": 192.6875129082544,
  "std_elevation": 227.22737824252238,
  "min_elevation": 1.0988559821353316,
  "max_elevation": 1069.7738090157973,
  "total_water_area_km2": 1738.6129691237288,
  "elevation_change": 290.61821365344986,
  "spatial_stats": {
    "longitude_range": [
      -121.80313473083542,
      -76.39777621476152
    ],
    "latitude_range": [
      25.037293655153842,
      46.89753057852965
    ],
    "centroid_lon": -97.0231863500672,
    "centroid_lat": 35.490661474009194
  },
  "quality_distribution": {
    "good": 30,
    "medium": 12,
    "poor": 6
  },
  "mean_uncertainty": 1.1588178640209432,
  "summary": "Tracked 30 water bodies (avg elevation: 255.8 m, total area: 1738.6 km\u00b2)",
  "analysis_date": "2026-01-31 19:26:46",
  "observation_count": 48
}