{
  "total_features": 48,
  "good_quality_features": 34,
  "mean_elevation": 253.2134969217442,
  "median_elevation": 179.65208083677794,
  "std_elevation": 272.00885993428807,
  "min_elevation": 1.4583651301994094,
  "max_elevation": 1153.6258777211287,
  "total_water_area_km2": 1866.4040359925632,
  "elevation_change": 327.73175021512424,
  "spatial_stats": {
    "longitude_range": [
      -118.87031061923892,
      -78.37478577074546
    ],
    "latitude_range": [
      25.073245039717218,
      48.325505933040155
    ],
    "centroid_lon": -95.5604584021841,
    "centroid_lat": 35.419024053919934
  },
  "quality_distribution": {
    "good": 34,
    "medium": 10,
    "poor": 4
  },
  "mean_uncertainty": 1.07190268220138,
  "summary": "Tracked 34 water bodies (avg elevation: 253.2 m, total area: 1866.4 km\u00b2)",
  "analysis_date": "2026-07-22 11:14:40",
  "observation_count": 48
}