{
  "total_features": 48,
  "good_quality_features": 33,
  "mean_elevation": 274.10682602660097,
  "median_elevation": 205.40358654033585,
  "std_elevation": 285.02309571629274,
  "min_elevation": 1.1232672903311436,
  "max_elevation": 1159.2204191766937,
  "total_water_area_km2": 1817.195066033183,
  "elevation_change": 385.2728904826127,
  "spatial_stats": {
    "longitude_range": [
      -120.39002965699947,
      -80.36589903072253
    ],
    "latitude_range": [
      25.24675497833322,
      48.21887104271959
    ],
    "centroid_lon": -96.75660701692875,
    "centroid_lat": 34.45145994400952
  },
  "quality_distribution": {
    "good": 33,
    "medium": 10,
    "poor": 5
  },
  "mean_uncertainty": 1.0438635506844036,
  "summary": "Tracked 33 water bodies (avg elevation: 274.1 m, total area: 1817.2 km\u00b2)",
  "analysis_date": "2025-12-18 19:21:37",
  "observation_count": 48
}