{
  "total_features": 48,
  "good_quality_features": 34,
  "mean_elevation": 290.24175402177815,
  "median_elevation": 212.12299162594903,
  "std_elevation": 277.4683506095812,
  "min_elevation": 2.7100621707929298,
  "max_elevation": 1056.0532702576954,
  "total_water_area_km2": 1512.380244536104,
  "elevation_change": 381.2705135120219,
  "spatial_stats": {
    "longitude_range": [
      -121.7907124399433,
      -76.70299248273342
    ],
    "latitude_range": [
      25.083247641875847,
      45.959687706491266
    ],
    "centroid_lon": -98.7169378805347,
    "centroid_lat": 35.32435518286657
  },
  "quality_distribution": {
    "good": 34,
    "medium": 8,
    "poor": 6
  },
  "mean_uncertainty": 0.9906922996151822,
  "summary": "Tracked 34 water bodies (avg elevation: 290.2 m, total area: 1512.4 km\u00b2)",
  "analysis_date": "2025-11-01 13:27:44",
  "observation_count": 48
}