{
  "total_features": 48,
  "good_quality_features": 31,
  "mean_elevation": 263.2729472018542,
  "median_elevation": 182.97542416204394,
  "std_elevation": 273.9265009084178,
  "min_elevation": 0.37557868780180526,
  "max_elevation": 1136.656639534833,
  "total_water_area_km2": 1470.0244037929403,
  "elevation_change": 337.40474500575385,
  "spatial_stats": {
    "longitude_range": [
      -121.30992203752352,
      -76.16102980426164
    ],
    "latitude_range": [
      25.64410156347537,
      48.47067180772404
    ],
    "centroid_lon": -98.68756590250537,
    "centroid_lat": 35.87651464131677
  },
  "quality_distribution": {
    "good": 31,
    "medium": 13,
    "poor": 4
  },
  "mean_uncertainty": 0.902020948387112,
  "summary": "Tracked 31 water bodies (avg elevation: 263.3 m, total area: 1470.0 km\u00b2)",
  "analysis_date": "2026-01-10 07:25:14",
  "observation_count": 48
}