{
  "total_features": 48,
  "good_quality_features": 31,
  "mean_elevation": 306.0827886709935,
  "median_elevation": 230.05443032970538,
  "std_elevation": 247.88947583279995,
  "min_elevation": 1.9296626576860743,
  "max_elevation": 1136.4004363088352,
  "total_water_area_km2": 1329.3251733347377,
  "elevation_change": 320.2672303435463,
  "spatial_stats": {
    "longitude_range": [
      -121.98832809606691,
      -76.40064568252957
    ],
    "latitude_range": [
      27.119768471215085,
      47.26242778105615
    ],
    "centroid_lon": -100.07752905318813,
    "centroid_lat": 36.82391914999349
  },
  "quality_distribution": {
    "good": 31,
    "medium": 15,
    "poor": 2
  },
  "mean_uncertainty": 1.0305528360705654,
  "summary": "Tracked 31 water bodies (avg elevation: 306.1 m, total area: 1329.3 km\u00b2)",
  "analysis_date": "2025-11-02 02:48:02",
  "observation_count": 48
}