{
  "total_features": 48,
  "good_quality_features": 31,
  "mean_elevation": 232.76482645358982,
  "median_elevation": 170.3464519732941,
  "std_elevation": 250.18474725407188,
  "min_elevation": 0.15313347522366572,
  "max_elevation": 1185.5660123865518,
  "total_water_area_km2": 1414.1089866946127,
  "elevation_change": 331.76010011727544,
  "spatial_stats": {
    "longitude_range": [
      -121.17709832028073,
      -80.01884426008021
    ],
    "latitude_range": [
      25.228375274277667,
      45.81508447141881
    ],
    "centroid_lon": -97.24419473832549,
    "centroid_lat": 33.97219230435291
  },
  "quality_distribution": {
    "good": 31,
    "medium": 9,
    "poor": 8
  },
  "mean_uncertainty": 1.0577206945383446,
  "summary": "Tracked 31 water bodies (avg elevation: 232.8 m, total area: 1414.1 km\u00b2)",
  "analysis_date": "2026-03-16 08:11:09",
  "observation_count": 48
}