{
  "total_features": 48,
  "good_quality_features": 31,
  "mean_elevation": 215.57488889084982,
  "median_elevation": 177.82885381223244,
  "std_elevation": 195.63881965079892,
  "min_elevation": 1.3425958738203447,
  "max_elevation": 1037.581224257992,
  "total_water_area_km2": 1687.4211057933387,
  "elevation_change": 222.20775174911972,
  "spatial_stats": {
    "longitude_range": [
      -121.23273615583578,
      -79.26362565546758
    ],
    "latitude_range": [
      26.262997624917027,
      45.757536928663534
    ],
    "centroid_lon": -97.07366164792172,
    "centroid_lat": 36.14896150847535
  },
  "quality_distribution": {
    "good": 31,
    "medium": 12,
    "poor": 5
  },
  "mean_uncertainty": 1.0302776837580572,
  "summary": "Tracked 31 water bodies (avg elevation: 215.6 m, total area: 1687.4 km\u00b2)",
  "analysis_date": "2026-07-19 21:59:49",
  "observation_count": 48
}