{
  "total_features": 48,
  "good_quality_features": 27,
  "mean_elevation": 209.8031638521899,
  "median_elevation": 174.2785577684493,
  "std_elevation": 240.8739249046855,
  "min_elevation": 2.748688549572471,
  "max_elevation": 981.5395058294417,
  "total_water_area_km2": 1371.536511418938,
  "elevation_change": 299.53799932202764,
  "spatial_stats": {
    "longitude_range": [
      -121.13870031248658,
      -80.39492198940259
    ],
    "latitude_range": [
      25.136186177993167,
      48.014211446247174
    ],
    "centroid_lon": -94.89865650218545,
    "centroid_lat": 33.6372852537621
  },
  "quality_distribution": {
    "good": 27,
    "medium": 11,
    "poor": 10
  },
  "mean_uncertainty": 1.2093669942791156,
  "summary": "Tracked 27 water bodies (avg elevation: 209.8 m, total area: 1371.5 km\u00b2)",
  "analysis_date": "2026-02-06 07:50:50",
  "observation_count": 48
}