{
  "total_features": 48,
  "good_quality_features": 34,
  "mean_elevation": 292.1187053774977,
  "median_elevation": 233.6724789808582,
  "std_elevation": 229.53200387507,
  "min_elevation": 2.1214732111859504,
  "max_elevation": 1049.1537141939011,
  "total_water_area_km2": 1991.6170793667607,
  "elevation_change": 304.22841605850334,
  "spatial_stats": {
    "longitude_range": [
      -121.88082071466268,
      -76.34576538802982
    ],
    "latitude_range": [
      25.47898967975118,
      45.49271595496293
    ],
    "centroid_lon": -98.95850315074769,
    "centroid_lat": 36.417170452900415
  },
  "quality_distribution": {
    "good": 34,
    "poor": 7,
    "medium": 7
  },
  "mean_uncertainty": 0.9182975200221896,
  "summary": "Tracked 34 water bodies (avg elevation: 292.1 m, total area: 1991.6 km\u00b2)",
  "analysis_date": "2026-01-11 19:21:08",
  "observation_count": 48
}