{
  "total_features": 48,
  "good_quality_features": 27,
  "mean_elevation": 297.160737802085,
  "median_elevation": 182.9697535620767,
  "std_elevation": 301.39091734056404,
  "min_elevation": 1.2701106922523087,
  "max_elevation": 1136.9991782347577,
  "total_water_area_km2": 1197.7825803729552,
  "elevation_change": 400.29120695081104,
  "spatial_stats": {
    "longitude_range": [
      -121.80640174389941,
      -76.19021468663497
    ],
    "latitude_range": [
      25.74936035932925,
      45.766795775515185
    ],
    "centroid_lon": -98.34633461652498,
    "centroid_lat": 35.231194974688485
  },
  "quality_distribution": {
    "good": 27,
    "medium": 15,
    "poor": 6
  },
  "mean_uncertainty": 1.0838750567382367,
  "summary": "Tracked 27 water bodies (avg elevation: 297.2 m, total area: 1197.8 km\u00b2)",
  "analysis_date": "2026-01-26 07:34:44",
  "observation_count": 48
}