{
  "total_features": 48,
  "good_quality_features": 38,
  "mean_elevation": 284.4606675011972,
  "median_elevation": 191.31557172099235,
  "std_elevation": 254.57160532412394,
  "min_elevation": 0.6383998282645187,
  "max_elevation": 995.8808601483353,
  "total_water_area_km2": 1646.624516813149,
  "elevation_change": 356.6072493952115,
  "spatial_stats": {
    "longitude_range": [
      -121.20363401568392,
      -76.31025764563088
    ],
    "latitude_range": [
      25.52080224916919,
      48.973358202156916
    ],
    "centroid_lon": -97.013244008845,
    "centroid_lat": 35.148403387905745
  },
  "quality_distribution": {
    "good": 38,
    "medium": 6,
    "poor": 4
  },
  "mean_uncertainty": 0.9408476099560175,
  "summary": "Tracked 38 water bodies (avg elevation: 284.5 m, total area: 1646.6 km\u00b2)",
  "analysis_date": "2026-06-20 23:09:50",
  "observation_count": 48
}