{
  "total_features": 48,
  "good_quality_features": 30,
  "mean_elevation": 217.99806028748182,
  "median_elevation": 181.44535140442895,
  "std_elevation": 168.81544685853302,
  "min_elevation": 2.4046023900490976,
  "max_elevation": 572.7851507152931,
  "total_water_area_km2": 1635.859897929304,
  "elevation_change": 259.9465946380048,
  "spatial_stats": {
    "longitude_range": [
      -121.51905099782968,
      -78.2022739672807
    ],
    "latitude_range": [
      25.653185166435655,
      46.83432137497146
    ],
    "centroid_lon": -97.46012990846627,
    "centroid_lat": 35.85313308300126
  },
  "quality_distribution": {
    "good": 30,
    "medium": 12,
    "poor": 6
  },
  "mean_uncertainty": 1.1718335870939087,
  "summary": "Tracked 30 water bodies (avg elevation: 218.0 m, total area: 1635.9 km\u00b2)",
  "analysis_date": "2026-04-04 22:31:50",
  "observation_count": 48
}