{
  "total_features": 48,
  "good_quality_features": 37,
  "mean_elevation": 254.357832853626,
  "median_elevation": 176.54864891039233,
  "std_elevation": 241.59214147023195,
  "min_elevation": 1.5983283659877678,
  "max_elevation": 926.9023600867292,
  "total_water_area_km2": 2094.5577542628425,
  "elevation_change": 315.49185945935074,
  "spatial_stats": {
    "longitude_range": [
      -121.75811733734002,
      -79.05705208267428
    ],
    "latitude_range": [
      26.02943778140989,
      48.61308199109209
    ],
    "centroid_lon": -97.39266798419662,
    "centroid_lat": 36.43244733589116
  },
  "quality_distribution": {
    "good": 37,
    "medium": 10,
    "poor": 1
  },
  "mean_uncertainty": 1.024761949202779,
  "summary": "Tracked 37 water bodies (avg elevation: 254.4 m, total area: 2094.6 km\u00b2)",
  "analysis_date": "2026-07-06 16:26:28",
  "observation_count": 48
}