{
  "total_features": 48,
  "good_quality_features": 31,
  "mean_elevation": 259.9060001159904,
  "median_elevation": 183.20669756840687,
  "std_elevation": 213.76759184088002,
  "min_elevation": 0.04014049973063316,
  "max_elevation": 948.6108652292635,
  "total_water_area_km2": 1911.926649851194,
  "elevation_change": 305.6265887051686,
  "spatial_stats": {
    "longitude_range": [
      -121.23752390013152,
      -77.5140038907094
    ],
    "latitude_range": [
      25.587130503776066,
      48.97658304869172
    ],
    "centroid_lon": -96.58406276554882,
    "centroid_lat": 35.94713586048232
  },
  "quality_distribution": {
    "good": 31,
    "medium": 14,
    "poor": 3
  },
  "mean_uncertainty": 1.1473918312125244,
  "summary": "Tracked 31 water bodies (avg elevation: 259.9 m, total area: 1911.9 km\u00b2)",
  "analysis_date": "2026-07-12 07:32:44",
  "observation_count": 48
}