{
  "total_features": 48,
  "good_quality_features": 36,
  "mean_elevation": 245.5260484476547,
  "median_elevation": 179.14934869496443,
  "std_elevation": 196.60602761807266,
  "min_elevation": 0.649384744617697,
  "max_elevation": 783.3969834483546,
  "total_water_area_km2": 1513.5980286586037,
  "elevation_change": 264.27913351626,
  "spatial_stats": {
    "longitude_range": [
      -121.88897212597489,
      -78.94679772701727
    ],
    "latitude_range": [
      25.290537656316914,
      48.98389644087066
    ],
    "centroid_lon": -97.89301974940685,
    "centroid_lat": 36.70220202253928
  },
  "quality_distribution": {
    "good": 36,
    "medium": 10,
    "poor": 2
  },
  "mean_uncertainty": 1.0465285849841899,
  "summary": "Tracked 36 water bodies (avg elevation: 245.5 m, total area: 1513.6 km\u00b2)",
  "analysis_date": "2025-12-27 02:53:18",
  "observation_count": 48
}