{
  "total_features": 48,
  "good_quality_features": 37,
  "mean_elevation": 276.1822296299347,
  "median_elevation": 179.42005984362675,
  "std_elevation": 247.9035995023184,
  "min_elevation": 1.3183208607497898,
  "max_elevation": 1068.2832066927235,
  "total_water_area_km2": 1774.7876700447493,
  "elevation_change": 338.3053423600759,
  "spatial_stats": {
    "longitude_range": [
      -120.24624069090102,
      -80.03727996336029
    ],
    "latitude_range": [
      25.330817895562507,
      46.344651949940285
    ],
    "centroid_lon": -98.52683864275629,
    "centroid_lat": 36.5618404201706
  },
  "quality_distribution": {
    "good": 37,
    "medium": 6,
    "poor": 5
  },
  "mean_uncertainty": 1.2252904895285373,
  "summary": "Tracked 37 water bodies (avg elevation: 276.2 m, total area: 1774.8 km\u00b2)",
  "analysis_date": "2026-07-01 15:47:45",
  "observation_count": 48
}