{
  "total_features": 48,
  "good_quality_features": 33,
  "mean_elevation": 209.69487915221612,
  "median_elevation": 182.37705758620257,
  "std_elevation": 194.35197467427096,
  "min_elevation": 0.04552673318086842,
  "max_elevation": 1027.422006477563,
  "total_water_area_km2": 1477.282733025457,
  "elevation_change": 229.47492984699255,
  "spatial_stats": {
    "longitude_range": [
      -121.92482088221455,
      -80.61818043730462
    ],
    "latitude_range": [
      26.646228464588784,
      48.52319715201781
    ],
    "centroid_lon": -98.39894601714471,
    "centroid_lat": 35.358465829571294
  },
  "quality_distribution": {
    "good": 33,
    "medium": 10,
    "poor": 5
  },
  "mean_uncertainty": 1.1820254682740026,
  "summary": "Tracked 33 water bodies (avg elevation: 209.7 m, total area: 1477.3 km\u00b2)",
  "analysis_date": "2026-03-27 03:52:24",
  "observation_count": 48
}