{
  "total_features": 48,
  "good_quality_features": 28,
  "mean_elevation": 284.27672821719636,
  "median_elevation": 178.46501963145118,
  "std_elevation": 315.14787364766266,
  "min_elevation": 0.11108208537620623,
  "max_elevation": 1076.8895950139158,
  "total_water_area_km2": 1577.5260172663488,
  "elevation_change": 382.68456354105234,
  "spatial_stats": {
    "longitude_range": [
      -121.63184382276286,
      -77.14987031164463
    ],
    "latitude_range": [
      25.36131630146228,
      47.66697930171607
    ],
    "centroid_lon": -97.57329123879595,
    "centroid_lat": 36.38954718333877
  },
  "quality_distribution": {
    "good": 28,
    "medium": 13,
    "poor": 7
  },
  "mean_uncertainty": 1.1738479869017502,
  "summary": "Tracked 28 water bodies (avg elevation: 284.3 m, total area: 1577.5 km\u00b2)",
  "analysis_date": "2026-02-28 19:26:46",
  "observation_count": 48
}