{
  "total_features": 48,
  "good_quality_features": 40,
  "mean_elevation": 276.6240592211369,
  "median_elevation": 181.39695948127928,
  "std_elevation": 247.73115907738094,
  "min_elevation": 3.7556337778650297,
  "max_elevation": 995.7149442438983,
  "total_water_area_km2": 2062.0153815063113,
  "elevation_change": 356.11415642900795,
  "spatial_stats": {
    "longitude_range": [
      -121.89094825810398,
      -76.67438371379228
    ],
    "latitude_range": [
      25.003567012760165,
      47.83286733769008
    ],
    "centroid_lon": -97.23335634033927,
    "centroid_lat": 35.59384978011807
  },
  "quality_distribution": {
    "good": 40,
    "medium": 4,
    "poor": 4
  },
  "mean_uncertainty": 0.9581973469238563,
  "summary": "Tracked 40 water bodies (avg elevation: 276.6 m, total area: 2062.0 km\u00b2)",
  "analysis_date": "2026-06-15 15:22:41",
  "observation_count": 48
}