{
  "total_features": 48,
  "good_quality_features": 33,
  "mean_elevation": 276.8439025598641,
  "median_elevation": 180.7789991226704,
  "std_elevation": 302.4338009047928,
  "min_elevation": 4.636626103811445,
  "max_elevation": 1065.1363858336697,
  "total_water_area_km2": 1797.5168609984569,
  "elevation_change": 380.0622706756036,
  "spatial_stats": {
    "longitude_range": [
      -121.74109619489784,
      -80.05196462501436
    ],
    "latitude_range": [
      25.097749354877934,
      46.2556201788658
    ],
    "centroid_lon": -96.38518697154781,
    "centroid_lat": 35.80748559553372
  },
  "quality_distribution": {
    "good": 33,
    "medium": 10,
    "poor": 5
  },
  "mean_uncertainty": 0.9344946313275784,
  "summary": "Tracked 33 water bodies (avg elevation: 276.8 m, total area: 1797.5 km\u00b2)",
  "analysis_date": "2026-04-11 22:34:17",
  "observation_count": 48
}