{
  "total_features": 48,
  "good_quality_features": 37,
  "mean_elevation": 237.12724988428954,
  "median_elevation": 182.662892985817,
  "std_elevation": 231.9635823191621,
  "min_elevation": 1.232166332489254,
  "max_elevation": 866.5583961002601,
  "total_water_area_km2": 2180.4861673285795,
  "elevation_change": 279.91374654382525,
  "spatial_stats": {
    "longitude_range": [
      -120.87794998861703,
      -76.43705024056185
    ],
    "latitude_range": [
      26.228306776831143,
      48.8672054174025
    ],
    "centroid_lon": -96.71193555679216,
    "centroid_lat": 36.732844897927905
  },
  "quality_distribution": {
    "good": 37,
    "medium": 6,
    "poor": 5
  },
  "mean_uncertainty": 0.8486348988964193,
  "summary": "Tracked 37 water bodies (avg elevation: 237.1 m, total area: 2180.5 km\u00b2)",
  "analysis_date": "2026-03-20 07:50:04",
  "observation_count": 48
}