{
  "total_features": 48,
  "good_quality_features": 31,
  "mean_elevation": 285.7580233918004,
  "median_elevation": 180.41313828180938,
  "std_elevation": 276.58706876170316,
  "min_elevation": 3.0922638254310844,
  "max_elevation": 1190.4070777129402,
  "total_water_area_km2": 1714.4515141523375,
  "elevation_change": 368.38440884557457,
  "spatial_stats": {
    "longitude_range": [
      -121.95827033450608,
      -76.88720971001113
    ],
    "latitude_range": [
      25.18844655386423,
      48.97207667298817
    ],
    "centroid_lon": -96.60145167819488,
    "centroid_lat": 35.76366812335858
  },
  "quality_distribution": {
    "good": 31,
    "medium": 11,
    "poor": 6
  },
  "mean_uncertainty": 0.9814187139599861,
  "summary": "Tracked 31 water bodies (avg elevation: 285.8 m, total area: 1714.5 km\u00b2)",
  "analysis_date": "2026-04-26 07:01:34",
  "observation_count": 48
}