{
  "total_features": 48,
  "good_quality_features": 30,
  "mean_elevation": 269.55441483687093,
  "median_elevation": 245.73925215228135,
  "std_elevation": 174.98923115503945,
  "min_elevation": 5.03348829759137,
  "max_elevation": 772.035983322191,
  "total_water_area_km2": 1479.227950100985,
  "elevation_change": 259.45385759341826,
  "spatial_stats": {
    "longitude_range": [
      -121.85323968872503,
      -80.17582751672997
    ],
    "latitude_range": [
      25.063707322357242,
      48.37807811070333
    ],
    "centroid_lon": -102.0155173431239,
    "centroid_lat": 36.27442758575342
  },
  "quality_distribution": {
    "good": 30,
    "medium": 12,
    "poor": 6
  },
  "mean_uncertainty": 1.0439201919771655,
  "summary": "Tracked 30 water bodies (avg elevation: 269.6 m, total area: 1479.2 km\u00b2)",
  "analysis_date": "2025-12-25 07:27:43",
  "observation_count": 48
}