{
  "total_features": 48,
  "good_quality_features": 31,
  "mean_elevation": 266.77032132264736,
  "median_elevation": 181.47986042881539,
  "std_elevation": 271.14372118641086,
  "min_elevation": 1.691711635353731,
  "max_elevation": 991.2284234093921,
  "total_water_area_km2": 1671.0116084927176,
  "elevation_change": 361.7048487430244,
  "spatial_stats": {
    "longitude_range": [
      -118.75382986557881,
      -77.15797661284554
    ],
    "latitude_range": [
      25.848848999345503,
      47.02085423808545
    ],
    "centroid_lon": -93.82253745720143,
    "centroid_lat": 35.14411780679075
  },
  "quality_distribution": {
    "good": 31,
    "poor": 11,
    "medium": 6
  },
  "mean_uncertainty": 0.9608783089872261,
  "summary": "Tracked 31 water bodies (avg elevation: 266.8 m, total area: 1671.0 km\u00b2)",
  "analysis_date": "2026-01-25 19:23:01",
  "observation_count": 48
}