{
  "total_features": 48,
  "good_quality_features": 31,
  "mean_elevation": 296.14002400481877,
  "median_elevation": 216.69457663251626,
  "std_elevation": 244.3839418478363,
  "min_elevation": 8.016891204079993,
  "max_elevation": 1015.7352928227817,
  "total_water_area_km2": 1284.8605337169947,
  "elevation_change": 360.4610904174913,
  "spatial_stats": {
    "longitude_range": [
      -121.86625318296825,
      -77.28734583398658
    ],
    "latitude_range": [
      27.141359741225003,
      48.69359701325699
    ],
    "centroid_lon": -99.12578509877349,
    "centroid_lat": 35.72052923507844
  },
  "quality_distribution": {
    "good": 31,
    "poor": 9,
    "medium": 8
  },
  "mean_uncertainty": 1.1830761232063418,
  "summary": "Tracked 31 water bodies (avg elevation: 296.1 m, total area: 1284.9 km\u00b2)",
  "analysis_date": "2026-04-16 16:23:57",
  "observation_count": 48
}