{
  "total_features": 48,
  "good_quality_features": 33,
  "mean_elevation": 288.6349100566245,
  "median_elevation": 212.3708460558488,
  "std_elevation": 285.864198850516,
  "min_elevation": 2.359774146230139,
  "max_elevation": 1094.2776098177192,
  "total_water_area_km2": 1836.5029306631254,
  "elevation_change": 373.4585143155478,
  "spatial_stats": {
    "longitude_range": [
      -121.13070204434553,
      -78.76356669351313
    ],
    "latitude_range": [
      25.447619398076124,
      47.87103720956526
    ],
    "centroid_lon": -96.32969157173284,
    "centroid_lat": 35.437044836493165
  },
  "quality_distribution": {
    "good": 33,
    "medium": 8,
    "poor": 7
  },
  "mean_uncertainty": 0.970506060897314,
  "summary": "Tracked 33 water bodies (avg elevation: 288.6 m, total area: 1836.5 km\u00b2)",
  "analysis_date": "2026-04-12 06:26:06",
  "observation_count": 48
}