{
  "total_features": 48,
  "good_quality_features": 34,
  "mean_elevation": 283.7545082018332,
  "median_elevation": 224.16515810075015,
  "std_elevation": 308.3167036049328,
  "min_elevation": 0.9303165484011999,
  "max_elevation": 1191.2484546649412,
  "total_water_area_km2": 1922.8656912187744,
  "elevation_change": 381.9081453706647,
  "spatial_stats": {
    "longitude_range": [
      -121.49303405871358,
      -77.87223466528579
    ],
    "latitude_range": [
      25.277434221316106,
      48.952618822569185
    ],
    "centroid_lon": -97.89336837216369,
    "centroid_lat": 34.83682301109344
  },
  "quality_distribution": {
    "good": 34,
    "medium": 12,
    "poor": 2
  },
  "mean_uncertainty": 0.9726660542988619,
  "summary": "Tracked 34 water bodies (avg elevation: 283.8 m, total area: 1922.9 km\u00b2)",
  "analysis_date": "2026-01-27 13:52:47",
  "observation_count": 48
}