{
  "total_features": 48,
  "good_quality_features": 32,
  "mean_elevation": 229.9484184520153,
  "median_elevation": 182.1398054646194,
  "std_elevation": 209.35571326354537,
  "min_elevation": 0.6056222049299365,
  "max_elevation": 958.130234804289,
  "total_water_area_km2": 1502.3622660623946,
  "elevation_change": 256.5839095311582,
  "spatial_stats": {
    "longitude_range": [
      -121.43598384600323,
      -80.18854727867982
    ],
    "latitude_range": [
      25.32849470406116,
      48.644551265623846
    ],
    "centroid_lon": -98.01934769803276,
    "centroid_lat": 35.350752422261934
  },
  "quality_distribution": {
    "good": 32,
    "poor": 8,
    "medium": 8
  },
  "mean_uncertainty": 1.0251188400760058,
  "summary": "Tracked 32 water bodies (avg elevation: 229.9 m, total area: 1502.4 km\u00b2)",
  "analysis_date": "2026-04-17 21:54:11",
  "observation_count": 48
}