{
  "total_features": 48,
  "good_quality_features": 36,
  "mean_elevation": 323.73121853867775,
  "median_elevation": 228.24153218445105,
  "std_elevation": 288.7054914626543,
  "min_elevation": 1.1001978329617934,
  "max_elevation": 1134.9628689584729,
  "total_water_area_km2": 1863.9852841484796,
  "elevation_change": 394.7074157856397,
  "spatial_stats": {
    "longitude_range": [
      -121.20827442470912,
      -77.11570907758619
    ],
    "latitude_range": [
      26.952182170593307,
      47.78754712515072
    ],
    "centroid_lon": -99.12008404775118,
    "centroid_lat": 35.424512049645365
  },
  "quality_distribution": {
    "good": 36,
    "medium": 9,
    "poor": 3
  },
  "mean_uncertainty": 1.0911353953949972,
  "summary": "Tracked 36 water bodies (avg elevation: 323.7 m, total area: 1864.0 km\u00b2)",
  "analysis_date": "2025-12-16 07:29:40",
  "observation_count": 48
}