{
  "total_features": 48,
  "good_quality_features": 33,
  "mean_elevation": 318.5217203597483,
  "median_elevation": 245.0592355071326,
  "std_elevation": 305.29186786502834,
  "min_elevation": 3.193787381967282,
  "max_elevation": 1173.7456349777644,
  "total_water_area_km2": 1707.5808133096355,
  "elevation_change": 415.8968884965126,
  "spatial_stats": {
    "longitude_range": [
      -120.47191388712476,
      -78.26146063987304
    ],
    "latitude_range": [
      25.464388752981435,
      48.079507244888305
    ],
    "centroid_lon": -99.63983460545494,
    "centroid_lat": 34.918840041942794
  },
  "quality_distribution": {
    "good": 33,
    "medium": 9,
    "poor": 6
  },
  "mean_uncertainty": 1.197012609040861,
  "summary": "Tracked 33 water bodies (avg elevation: 318.5 m, total area: 1707.6 km\u00b2)",
  "analysis_date": "2026-02-19 14:12:09",
  "observation_count": 48
}