{
  "total_features": 48,
  "good_quality_features": 32,
  "mean_elevation": 298.8511446782909,
  "median_elevation": 182.1368515392766,
  "std_elevation": 327.8852557152323,
  "min_elevation": 0.1052903141594197,
  "max_elevation": 1113.0264877452428,
  "total_water_area_km2": 1356.3718525520876,
  "elevation_change": 398.17668896972486,
  "spatial_stats": {
    "longitude_range": [
      -121.93281760271388,
      -77.11260034739641
    ],
    "latitude_range": [
      25.34044185296927,
      47.88257484008383
    ],
    "centroid_lon": -97.9557101922205,
    "centroid_lat": 36.2068542785741
  },
  "quality_distribution": {
    "good": 32,
    "medium": 10,
    "poor": 6
  },
  "mean_uncertainty": 1.09624685793118,
  "summary": "Tracked 32 water bodies (avg elevation: 298.9 m, total area: 1356.4 km\u00b2)",
  "analysis_date": "2026-03-19 14:10:30",
  "observation_count": 48
}