{
  "total_features": 48,
  "good_quality_features": 36,
  "mean_elevation": 291.4118382894917,
  "median_elevation": 185.96072173496248,
  "std_elevation": 293.4680338674082,
  "min_elevation": 1.723353105154013,
  "max_elevation": 1179.3603071716602,
  "total_water_area_km2": 1514.2518831356851,
  "elevation_change": 382.5406215037709,
  "spatial_stats": {
    "longitude_range": [
      -121.01311900411119,
      -76.69651889611355
    ],
    "latitude_range": [
      25.69447357906774,
      47.378930064307845
    ],
    "centroid_lon": -96.43682227427493,
    "centroid_lat": 35.788183321777325
  },
  "quality_distribution": {
    "good": 36,
    "medium": 7,
    "poor": 5
  },
  "mean_uncertainty": 0.9844174565452675,
  "summary": "Tracked 36 water bodies (avg elevation: 291.4 m, total area: 1514.3 km\u00b2)",
  "analysis_date": "2026-02-10 08:01:22",
  "observation_count": 48
}