{
  "total_features": 48,
  "good_quality_features": 37,
  "mean_elevation": 243.75644820236596,
  "median_elevation": 180.42303989305896,
  "std_elevation": 242.77453870399066,
  "min_elevation": 0.43469906700862593,
  "max_elevation": 1003.8376810837323,
  "total_water_area_km2": 1499.3570284628415,
  "elevation_change": 353.6187964458322,
  "spatial_stats": {
    "longitude_range": [
      -121.64951432209344,
      -80.01203756269746
    ],
    "latitude_range": [
      25.14717954959108,
      46.081651099103595
    ],
    "centroid_lon": -98.99144206488431,
    "centroid_lat": 34.36771147683657
  },
  "quality_distribution": {
    "good": 37,
    "medium": 8,
    "poor": 3
  },
  "mean_uncertainty": 1.0046542323695555,
  "summary": "Tracked 37 water bodies (avg elevation: 243.8 m, total area: 1499.4 km\u00b2)",
  "analysis_date": "2025-11-22 13:28:10",
  "observation_count": 48
}