{
  "total_features": 48,
  "good_quality_features": 35,
  "mean_elevation": 217.61358625101838,
  "median_elevation": 179.23234630026874,
  "std_elevation": 232.4128977674302,
  "min_elevation": 1.2574882347297578,
  "max_elevation": 1144.7926744843476,
  "total_water_area_km2": 1563.4732091845294,
  "elevation_change": 286.57282048491277,
  "spatial_stats": {
    "longitude_range": [
      -120.9719204527797,
      -80.05344933919184
    ],
    "latitude_range": [
      25.3736029279928,
      48.04636305513714
    ],
    "centroid_lon": -97.06697281686243,
    "centroid_lat": 35.626698969742506
  },
  "quality_distribution": {
    "good": 35,
    "medium": 11,
    "poor": 2
  },
  "mean_uncertainty": 0.9579132832288195,
  "summary": "Tracked 35 water bodies (avg elevation: 217.6 m, total area: 1563.5 km\u00b2)",
  "analysis_date": "2026-02-12 14:13:27",
  "observation_count": 48
}