{
  "total_features": 48,
  "good_quality_features": 35,
  "mean_elevation": 294.4004998666937,
  "median_elevation": 191.2013326530096,
  "std_elevation": 284.6324855915271,
  "min_elevation": 2.6332169045406193,
  "max_elevation": 1078.3859431617088,
  "total_water_area_km2": 1683.4191829906792,
  "elevation_change": 374.8907832670673,
  "spatial_stats": {
    "longitude_range": [
      -120.80911863535962,
      -77.05150638435596
    ],
    "latitude_range": [
      25.05361049244261,
      48.062234312542266
    ],
    "centroid_lon": -99.99162293763834,
    "centroid_lat": 35.715879618303845
  },
  "quality_distribution": {
    "good": 35,
    "medium": 10,
    "poor": 3
  },
  "mean_uncertainty": 0.923024232493412,
  "summary": "Tracked 35 water bodies (avg elevation: 294.4 m, total area: 1683.4 km\u00b2)",
  "analysis_date": "2025-12-12 19:22:22",
  "observation_count": 48
}