{
  "total_features": 48,
  "good_quality_features": 38,
  "mean_elevation": 240.12860547727456,
  "median_elevation": 182.9336053470023,
  "std_elevation": 233.96283670808822,
  "min_elevation": 1.5789765453927407,
  "max_elevation": 1188.518607604447,
  "total_water_area_km2": 1843.3281361393563,
  "elevation_change": 300.2271405476811,
  "spatial_stats": {
    "longitude_range": [
      -121.52270475581811,
      -77.29049187683039
    ],
    "latitude_range": [
      25.63177214459246,
      46.56690148363785
    ],
    "centroid_lon": -96.38355342631935,
    "centroid_lat": 35.74946161238964
  },
  "quality_distribution": {
    "good": 38,
    "medium": 5,
    "poor": 5
  },
  "mean_uncertainty": 0.8995409298184152,
  "summary": "Tracked 38 water bodies (avg elevation: 240.1 m, total area: 1843.3 km\u00b2)",
  "analysis_date": "2026-02-16 19:36:35",
  "observation_count": 48
}