{
  "total_features": 48,
  "good_quality_features": 35,
  "mean_elevation": 295.99557303244177,
  "median_elevation": 236.69991925155125,
  "std_elevation": 259.29358434137987,
  "min_elevation": 2.216457577250064,
  "max_elevation": 1181.200588631878,
  "total_water_area_km2": 1845.2360160093585,
  "elevation_change": 359.6385739470106,
  "spatial_stats": {
    "longitude_range": [
      -121.99311058831721,
      -80.03884628138807
    ],
    "latitude_range": [
      25.25390268093165,
      48.665275629515875
    ],
    "centroid_lon": -98.65412988271056,
    "centroid_lat": 35.630076592341965
  },
  "quality_distribution": {
    "good": 35,
    "medium": 11,
    "poor": 2
  },
  "mean_uncertainty": 1.0869087612664914,
  "summary": "Tracked 35 water bodies (avg elevation: 296.0 m, total area: 1845.2 km\u00b2)",
  "analysis_date": "2025-12-01 19:27:00",
  "observation_count": 48
}