{
  "total_features": 48,
  "good_quality_features": 33,
  "mean_elevation": 299.1890435293193,
  "median_elevation": 234.84306083536018,
  "std_elevation": 285.2922571723065,
  "min_elevation": 1.9398348023206724,
  "max_elevation": 1130.6324618420308,
  "total_water_area_km2": 1884.6245140470073,
  "elevation_change": 389.3106751806181,
  "spatial_stats": {
    "longitude_range": [
      -121.51742626445213,
      -79.0506856209357
    ],
    "latitude_range": [
      25.81876106609732,
      48.962912918181566
    ],
    "centroid_lon": -99.92383885869948,
    "centroid_lat": 35.589291451954516
  },
  "quality_distribution": {
    "good": 33,
    "poor": 8,
    "medium": 7
  },
  "mean_uncertainty": 1.1954054279261284,
  "summary": "Tracked 33 water bodies (avg elevation: 299.2 m, total area: 1884.6 km\u00b2)",
  "analysis_date": "2026-01-28 07:33:28",
  "observation_count": 48
}