{
  "total_features": 48,
  "good_quality_features": 38,
  "mean_elevation": 261.5043495253298,
  "median_elevation": 175.03577344305273,
  "std_elevation": 271.2190767719244,
  "min_elevation": 0.420315670444803,
  "max_elevation": 1145.5013761034388,
  "total_water_area_km2": 1934.3836898626469,
  "elevation_change": 349.7314951725588,
  "spatial_stats": {
    "longitude_range": [
      -121.84834022232934,
      -76.18586159654996
    ],
    "latitude_range": [
      25.02977982351636,
      46.556104093459375
    ],
    "centroid_lon": -97.96575527204091,
    "centroid_lat": 35.17604166779663
  },
  "quality_distribution": {
    "good": 38,
    "medium": 8,
    "poor": 2
  },
  "mean_uncertainty": 1.121869618394826,
  "summary": "Tracked 38 water bodies (avg elevation: 261.5 m, total area: 1934.4 km\u00b2)",
  "analysis_date": "2025-11-03 19:20:01",
  "observation_count": 48
}