{
  "total_features": 48,
  "good_quality_features": 39,
  "mean_elevation": 281.4875859043166,
  "median_elevation": 181.2383693752313,
  "std_elevation": 292.98365170258955,
  "min_elevation": 0.6402207114794745,
  "max_elevation": 1180.5082421715415,
  "total_water_area_km2": 1853.5082135674375,
  "elevation_change": 378.06942375671116,
  "spatial_stats": {
    "longitude_range": [
      -120.93674618935198,
      -76.76624592215023
    ],
    "latitude_range": [
      25.23159966285107,
      47.25856422921278
    ],
    "centroid_lon": -95.03822267785745,
    "centroid_lat": 34.92072043020666
  },
  "quality_distribution": {
    "good": 39,
    "medium": 6,
    "poor": 3
  },
  "mean_uncertainty": 0.9575218943005895,
  "summary": "Tracked 39 water bodies (avg elevation: 281.5 m, total area: 1853.5 km\u00b2)",
  "analysis_date": "2026-07-02 12:59:10",
  "observation_count": 48
}