{
  "total_features": 48,
  "good_quality_features": 35,
  "mean_elevation": 259.09254035974845,
  "median_elevation": 181.7610693086097,
  "std_elevation": 265.34161448658654,
  "min_elevation": 0.6165510812360453,
  "max_elevation": 1030.3283429517037,
  "total_water_area_km2": 1465.1852451107868,
  "elevation_change": 350.7873562067628,
  "spatial_stats": {
    "longitude_range": [
      -121.5708118963307,
      -78.5037269923848
    ],
    "latitude_range": [
      25.200734683575142,
      46.64255266780166
    ],
    "centroid_lon": -96.34190684943287,
    "centroid_lat": 34.91173938715288
  },
  "quality_distribution": {
    "good": 35,
    "medium": 8,
    "poor": 5
  },
  "mean_uncertainty": 0.9512235961435772,
  "summary": "Tracked 35 water bodies (avg elevation: 259.1 m, total area: 1465.2 km\u00b2)",
  "analysis_date": "2025-11-13 19:21:17",
  "observation_count": 48
}