{
  "total_features": 48,
  "good_quality_features": 38,
  "mean_elevation": 273.31426809151907,
  "median_elevation": 187.38158508839433,
  "std_elevation": 263.9496493519486,
  "min_elevation": 0.8434632254265817,
  "max_elevation": 1046.6010276849117,
  "total_water_area_km2": 2134.933599302361,
  "elevation_change": 320.1039883411841,
  "spatial_stats": {
    "longitude_range": [
      -121.43532138832141,
      -77.40184537253464
    ],
    "latitude_range": [
      25.915103690004557,
      48.270533751450095
    ],
    "centroid_lon": -97.95543673602602,
    "centroid_lat": 35.384349328162365
  },
  "quality_distribution": {
    "good": 38,
    "medium": 8,
    "poor": 2
  },
  "mean_uncertainty": 0.9284473240414753,
  "summary": "Tracked 38 water bodies (avg elevation: 273.3 m, total area: 2134.9 km\u00b2)",
  "analysis_date": "2026-06-20 10:32:59",
  "observation_count": 48
}