{
  "total_features": 48,
  "good_quality_features": 26,
  "mean_elevation": 200.73723961777722,
  "median_elevation": 174.84082937100112,
  "std_elevation": 185.39605438379792,
  "min_elevation": 1.0739245791233742,
  "max_elevation": 952.4914545816526,
  "total_water_area_km2": 1538.3147446095973,
  "elevation_change": 205.99958660732543,
  "spatial_stats": {
    "longitude_range": [
      -121.51336189918004,
      -80.43191327307089
    ],
    "latitude_range": [
      26.443346268508634,
      45.00999076821351
    ],
    "centroid_lon": -97.79613702414112,
    "centroid_lat": 36.30318165275203
  },
  "quality_distribution": {
    "good": 26,
    "medium": 13,
    "poor": 9
  },
  "mean_uncertainty": 1.0351785899813097,
  "summary": "Tracked 26 water bodies (avg elevation: 200.7 m, total area: 1538.3 km\u00b2)",
  "analysis_date": "2026-07-22 15:09:19",
  "observation_count": 48
}