{
  "total_features": 48,
  "good_quality_features": 31,
  "mean_elevation": 240.53928157044254,
  "median_elevation": 177.6728699884665,
  "std_elevation": 253.49378931468266,
  "min_elevation": 2.7419394282503906,
  "max_elevation": 1081.9247474748095,
  "total_water_area_km2": 1423.9546707723503,
  "elevation_change": 329.41401642490405,
  "spatial_stats": {
    "longitude_range": [
      -121.96497819451707,
      -80.09648357726083
    ],
    "latitude_range": [
      25.47018176434385,
      48.74500724172876
    ],
    "centroid_lon": -96.64956560898048,
    "centroid_lat": 35.73211331594158
  },
  "quality_distribution": {
    "good": 31,
    "medium": 13,
    "poor": 4
  },
  "mean_uncertainty": 1.1879178539024975,
  "summary": "Tracked 31 water bodies (avg elevation: 240.5 m, total area: 1424.0 km\u00b2)",
  "analysis_date": "2026-07-01 22:23:39",
  "observation_count": 48
}