{
  "total_features": 48,
  "good_quality_features": 34,
  "mean_elevation": 256.03996045405586,
  "median_elevation": 212.30202841787093,
  "std_elevation": 171.08444210138276,
  "min_elevation": 3.7324439316368183,
  "max_elevation": 676.4408435283906,
  "total_water_area_km2": 1814.7029161460127,
  "elevation_change": 273.5667915177168,
  "spatial_stats": {
    "longitude_range": [
      -120.34326439009,
      -79.44859342373455
    ],
    "latitude_range": [
      25.912579682318416,
      47.85932886785277
    ],
    "centroid_lon": -99.16082404785278,
    "centroid_lat": 36.02663153282661
  },
  "quality_distribution": {
    "good": 34,
    "medium": 11,
    "poor": 3
  },
  "mean_uncertainty": 0.9897115440309463,
  "summary": "Tracked 34 water bodies (avg elevation: 256.0 m, total area: 1814.7 km\u00b2)",
  "analysis_date": "2026-01-12 03:08:28",
  "observation_count": 48
}