{
  "total_features": 48,
  "good_quality_features": 34,
  "mean_elevation": 242.1783821465841,
  "median_elevation": 177.1128745155528,
  "std_elevation": 257.25008818631966,
  "min_elevation": 1.394542643664699,
  "max_elevation": 1179.0707897448042,
  "total_water_area_km2": 1865.845764821016,
  "elevation_change": 297.6619123316996,
  "spatial_stats": {
    "longitude_range": [
      -121.02941864531729,
      -76.52409959241491
    ],
    "latitude_range": [
      25.20438319864247,
      47.68947288106646
    ],
    "centroid_lon": -96.92455541444758,
    "centroid_lat": 35.95420629810833
  },
  "quality_distribution": {
    "good": 34,
    "medium": 9,
    "poor": 5
  },
  "mean_uncertainty": 0.9278106715399224,
  "summary": "Tracked 34 water bodies (avg elevation: 242.2 m, total area: 1865.8 km\u00b2)",
  "analysis_date": "2025-11-11 02:46:07",
  "observation_count": 48
}