{
  "total_features": 48,
  "good_quality_features": 32,
  "mean_elevation": 200.15377552542432,
  "median_elevation": 182.8480986414162,
  "std_elevation": 155.7290823628568,
  "min_elevation": 1.5029674277860594,
  "max_elevation": 722.9555660667611,
  "total_water_area_km2": 1783.3182127680057,
  "elevation_change": 209.09555325777592,
  "spatial_stats": {
    "longitude_range": [
      -121.95646150535035,
      -77.88449309587239
    ],
    "latitude_range": [
      25.074576230258984,
      47.144360519493944
    ],
    "centroid_lon": -96.46290152087889,
    "centroid_lat": 35.158902141842084
  },
  "quality_distribution": {
    "good": 32,
    "medium": 10,
    "poor": 6
  },
  "mean_uncertainty": 1.155560719404345,
  "summary": "Tracked 32 water bodies (avg elevation: 200.2 m, total area: 1783.3 km\u00b2)",
  "analysis_date": "2026-04-16 11:59:34",
  "observation_count": 48
}