{
  "total_features": 48,
  "good_quality_features": 37,
  "mean_elevation": 260.50865155250614,
  "median_elevation": 183.63592067051667,
  "std_elevation": 211.4748017925396,
  "min_elevation": 0.9579541587409768,
  "max_elevation": 825.2117708653312,
  "total_water_area_km2": 1990.597050278972,
  "elevation_change": 320.4297973640218,
  "spatial_stats": {
    "longitude_range": [
      -121.88864102383498,
      -77.18585979122783
    ],
    "latitude_range": [
      25.552343616303997,
      46.76849130771088
    ],
    "centroid_lon": -98.10362798900266,
    "centroid_lat": 35.066120026217824
  },
  "quality_distribution": {
    "good": 37,
    "medium": 7,
    "poor": 4
  },
  "mean_uncertainty": 1.0793809393896903,
  "summary": "Tracked 37 water bodies (avg elevation: 260.5 m, total area: 1990.6 km\u00b2)",
  "analysis_date": "2026-07-19 18:01:54",
  "observation_count": 48
}