{
  "total_features": 48,
  "good_quality_features": 38,
  "mean_elevation": 277.381756970681,
  "median_elevation": 228.88063287002137,
  "std_elevation": 239.88688070458733,
  "min_elevation": 2.2577133562000427,
  "max_elevation": 1199.3229580945467,
  "total_water_area_km2": 2259.382353363292,
  "elevation_change": 292.49202865457937,
  "spatial_stats": {
    "longitude_range": [
      -121.41399335589969,
      -76.87163390680647
    ],
    "latitude_range": [
      25.001198722088333,
      48.52264312645966
    ],
    "centroid_lon": -97.69592158126848,
    "centroid_lat": 36.00161987881751
  },
  "quality_distribution": {
    "good": 38,
    "medium": 8,
    "poor": 2
  },
  "mean_uncertainty": 0.9519754236782566,
  "summary": "Tracked 38 water bodies (avg elevation: 277.4 m, total area: 2259.4 km\u00b2)",
  "analysis_date": "2025-12-10 02:54:39",
  "observation_count": 48
}