{
  "total_features": 48,
  "good_quality_features": 33,
  "mean_elevation": 340.00983843204136,
  "median_elevation": 180.7720539600295,
  "std_elevation": 360.6823044385847,
  "min_elevation": 0.8072316854860506,
  "max_elevation": 1194.906555803013,
  "total_water_area_km2": 1740.4385462095506,
  "elevation_change": 500.8128080511653,
  "spatial_stats": {
    "longitude_range": [
      -121.89425307009996,
      -77.31198299934766
    ],
    "latitude_range": [
      25.07091386268145,
      48.29410719513248
    ],
    "centroid_lon": -97.91192978014786,
    "centroid_lat": 36.000505839069085
  },
  "quality_distribution": {
    "good": 33,
    "medium": 11,
    "poor": 4
  },
  "mean_uncertainty": 1.065405023648034,
  "summary": "Tracked 33 water bodies (avg elevation: 340.0 m, total area: 1740.4 km\u00b2)",
  "analysis_date": "2025-10-23 07:25:14",
  "observation_count": 48
}