{
  "total_features": 48,
  "good_quality_features": 34,
  "mean_elevation": 180.80199888638757,
  "median_elevation": 173.94385434463314,
  "std_elevation": 143.32623895178858,
  "min_elevation": 0.5101402986448489,
  "max_elevation": 497.43986662858384,
  "total_water_area_km2": 1603.4693192952284,
  "elevation_change": 224.86078843655739,
  "spatial_stats": {
    "longitude_range": [
      -121.04690202840288,
      -79.07961883486907
    ],
    "latitude_range": [
      25.478850463882036,
      47.11871443147537
    ],
    "centroid_lon": -96.76172107287096,
    "centroid_lat": 35.25481399881811
  },
  "quality_distribution": {
    "good": 34,
    "medium": 10,
    "poor": 4
  },
  "mean_uncertainty": 1.0301913701510554,
  "summary": "Tracked 34 water bodies (avg elevation: 180.8 m, total area: 1603.5 km\u00b2)",
  "analysis_date": "2026-04-25 03:52:33",
  "observation_count": 48
}