{
  "total_features": 48,
  "good_quality_features": 35,
  "mean_elevation": 328.8410039881833,
  "median_elevation": 183.3937404973519,
  "std_elevation": 338.1740406015888,
  "min_elevation": 0.9109296323127536,
  "max_elevation": 1179.0380821814783,
  "total_water_area_km2": 2019.1153774327372,
  "elevation_change": 468.34728118541415,
  "spatial_stats": {
    "longitude_range": [
      -120.01865079786822,
      -80.05472244800269
    ],
    "latitude_range": [
      25.110811159816148,
      47.25314114911643
    ],
    "centroid_lon": -99.39484239734642,
    "centroid_lat": 35.70958559904143
  },
  "quality_distribution": {
    "good": 35,
    "medium": 9,
    "poor": 4
  },
  "mean_uncertainty": 1.1972662113455728,
  "summary": "Tracked 35 water bodies (avg elevation: 328.8 m, total area: 2019.1 km\u00b2)",
  "analysis_date": "2026-04-24 21:54:31",
  "observation_count": 48
}