{
  "total_features": 48,
  "good_quality_features": 28,
  "mean_elevation": 253.34093947224045,
  "median_elevation": 199.7638276284334,
  "std_elevation": 206.09618352957617,
  "min_elevation": 1.8968959424391885,
  "max_elevation": 966.2375603821534,
  "total_water_area_km2": 1579.642391612269,
  "elevation_change": 283.48433065423694,
  "spatial_stats": {
    "longitude_range": [
      -120.40809446773426,
      -79.54698747918984
    ],
    "latitude_range": [
      25.995245781001845,
      46.59374503539403
    ],
    "centroid_lon": -96.57326955581273,
    "centroid_lat": 36.53638312941278
  },
  "quality_distribution": {
    "good": 28,
    "medium": 13,
    "poor": 7
  },
  "mean_uncertainty": 0.9950701517358016,
  "summary": "Tracked 28 water bodies (avg elevation: 253.3 m, total area: 1579.6 km\u00b2)",
  "analysis_date": "2025-12-04 07:27:35",
  "observation_count": 48
}