{
  "total_features": 48,
  "good_quality_features": 37,
  "mean_elevation": 232.6464964343225,
  "median_elevation": 180.7815307197495,
  "std_elevation": 218.0377963815603,
  "min_elevation": 1.9464673114229025,
  "max_elevation": 1085.6783021807887,
  "total_water_area_km2": 1947.1364935396123,
  "elevation_change": 257.7651440593685,
  "spatial_stats": {
    "longitude_range": [
      -121.63475182171474,
      -79.36945189710572
    ],
    "latitude_range": [
      25.162772786059254,
      47.30299246798168
    ],
    "centroid_lon": -97.15181096151369,
    "centroid_lat": 36.47058071366518
  },
  "quality_distribution": {
    "good": 37,
    "medium": 9,
    "poor": 2
  },
  "mean_uncertainty": 1.0383127056565977,
  "summary": "Tracked 37 water bodies (avg elevation: 232.6 m, total area: 1947.1 km\u00b2)",
  "analysis_date": "2026-02-04 03:34:29",
  "observation_count": 48
}