{
  "total_features": 48,
  "good_quality_features": 35,
  "mean_elevation": 315.5091690795663,
  "median_elevation": 240.04932035219304,
  "std_elevation": 299.3492251541011,
  "min_elevation": 1.6159823821695896,
  "max_elevation": 1091.272573059992,
  "total_water_area_km2": 1710.8894973331637,
  "elevation_change": 389.69633131521636,
  "spatial_stats": {
    "longitude_range": [
      -121.79271982309069,
      -76.69230529834945
    ],
    "latitude_range": [
      25.689624212462153,
      46.91507507817775
    ],
    "centroid_lon": -97.51613294325739,
    "centroid_lat": 36.04546157626427
  },
  "quality_distribution": {
    "good": 35,
    "poor": 7,
    "medium": 6
  },
  "mean_uncertainty": 1.1490016653538326,
  "summary": "Tracked 35 water bodies (avg elevation: 315.5 m, total area: 1710.9 km\u00b2)",
  "analysis_date": "2026-06-20 19:27:32",
  "observation_count": 48
}