{
  "total_features": 48,
  "good_quality_features": 33,
  "mean_elevation": 284.42134032263533,
  "median_elevation": 263.5659418581346,
  "std_elevation": 229.25731979462685,
  "min_elevation": 0.7308292388925863,
  "max_elevation": 907.2913176462924,
  "total_water_area_km2": 1604.3050760685082,
  "elevation_change": 317.6877142036341,
  "spatial_stats": {
    "longitude_range": [
      -120.07157879599718,
      -80.0724562418302
    ],
    "latitude_range": [
      26.137165195613346,
      48.79990686601513
    ],
    "centroid_lon": -100.23437236095705,
    "centroid_lat": 35.772339422335335
  },
  "quality_distribution": {
    "good": 33,
    "medium": 9,
    "poor": 6
  },
  "mean_uncertainty": 0.9346703934391144,
  "summary": "Tracked 33 water bodies (avg elevation: 284.4 m, total area: 1604.3 km\u00b2)",
  "analysis_date": "2026-02-07 13:48:44",
  "observation_count": 48
}