{
  "total_features": 48,
  "good_quality_features": 32,
  "mean_elevation": 260.5390038938524,
  "median_elevation": 187.17434767769288,
  "std_elevation": 228.55022962763965,
  "min_elevation": 1.3650293357508647,
  "max_elevation": 1017.4925594945865,
  "total_water_area_km2": 1628.546465855131,
  "elevation_change": 300.30393536485803,
  "spatial_stats": {
    "longitude_range": [
      -120.60462158679391,
      -80.07702434241101
    ],
    "latitude_range": [
      25.93143310868309,
      48.57177443621059
    ],
    "centroid_lon": -98.10058593778047,
    "centroid_lat": 35.4916148035867
  },
  "quality_distribution": {
    "good": 32,
    "medium": 9,
    "poor": 7
  },
  "mean_uncertainty": 0.9944726293237194,
  "summary": "Tracked 32 water bodies (avg elevation: 260.5 m, total area: 1628.5 km\u00b2)",
  "analysis_date": "2025-12-28 13:34:00",
  "observation_count": 48
}