{
  "total_features": 48,
  "good_quality_features": 33,
  "mean_elevation": 251.04850108141252,
  "median_elevation": 182.306038694735,
  "std_elevation": 233.2603562285003,
  "min_elevation": 0.18959218119885102,
  "max_elevation": 933.6325679232871,
  "total_water_area_km2": 1539.1017549714152,
  "elevation_change": 305.7196514342549,
  "spatial_stats": {
    "longitude_range": [
      -121.3516309824883,
      -76.3868095769604
    ],
    "latitude_range": [
      25.10250421772549,
      47.22616050398099
    ],
    "centroid_lon": -98.43770056098771,
    "centroid_lat": 35.30669313748252
  },
  "quality_distribution": {
    "good": 33,
    "poor": 8,
    "medium": 7
  },
  "mean_uncertainty": 1.025669965553928,
  "summary": "Tracked 33 water bodies (avg elevation: 251.0 m, total area: 1539.1 km\u00b2)",
  "analysis_date": "2026-02-12 07:56:37",
  "observation_count": 48
}