{
  "total_features": 48,
  "good_quality_features": 35,
  "mean_elevation": 326.891040327384,
  "median_elevation": 215.4868091787106,
  "std_elevation": 331.887925848559,
  "min_elevation": 3.751860578585381,
  "max_elevation": 1192.2365554819373,
  "total_water_area_km2": 2009.649716117013,
  "elevation_change": 434.2822152595046,
  "spatial_stats": {
    "longitude_range": [
      -121.86824579499792,
      -77.09493260301707
    ],
    "latitude_range": [
      26.009338192230803,
      48.73169254429952
    ],
    "centroid_lon": -98.62392280598138,
    "centroid_lat": 35.74090463267473
  },
  "quality_distribution": {
    "good": 35,
    "medium": 11,
    "poor": 2
  },
  "mean_uncertainty": 1.0609247370375952,
  "summary": "Tracked 35 water bodies (avg elevation: 326.9 m, total area: 2009.6 km\u00b2)",
  "analysis_date": "2025-12-19 19:21:57",
  "observation_count": 48
}