{
  "total_features": 48,
  "good_quality_features": 36,
  "mean_elevation": 240.25615642574985,
  "median_elevation": 182.01871581308785,
  "std_elevation": 217.15193316820546,
  "min_elevation": 5.496108467613109,
  "max_elevation": 933.6043680098174,
  "total_water_area_km2": 1897.845238121678,
  "elevation_change": 283.73242625303,
  "spatial_stats": {
    "longitude_range": [
      -121.44516833073298,
      -77.47027654660877
    ],
    "latitude_range": [
      25.24633253334744,
      48.338735512726444
    ],
    "centroid_lon": -95.3785930600969,
    "centroid_lat": 35.84984685565279
  },
  "quality_distribution": {
    "good": 36,
    "medium": 8,
    "poor": 4
  },
  "mean_uncertainty": 1.0387525835864158,
  "summary": "Tracked 36 water bodies (avg elevation: 240.3 m, total area: 1897.8 km\u00b2)",
  "analysis_date": "2025-12-26 19:21:12",
  "observation_count": 48
}