{
  "total_features": 48,
  "good_quality_features": 24,
  "mean_elevation": 245.0891651743285,
  "median_elevation": 176.14360021172627,
  "std_elevation": 281.59642084422916,
  "min_elevation": 0.5384488450032365,
  "max_elevation": 1192.5458712458785,
  "total_water_area_km2": 1231.8083081902862,
  "elevation_change": 336.30523425377044,
  "spatial_stats": {
    "longitude_range": [
      -121.98008463109714,
      -76.7243537365668
    ],
    "latitude_range": [
      25.208426118631888,
      46.71010585948441
    ],
    "centroid_lon": -98.11146493858642,
    "centroid_lat": 34.93630097877633
  },
  "quality_distribution": {
    "good": 24,
    "medium": 15,
    "poor": 9
  },
  "mean_uncertainty": 0.9242743939429919,
  "summary": "Tracked 24 water bodies (avg elevation: 245.1 m, total area: 1231.8 km\u00b2)",
  "analysis_date": "2026-06-09 11:16:27",
  "observation_count": 48
}