{
  "total_features": 48,
  "good_quality_features": 39,
  "mean_elevation": 285.32616402683453,
  "median_elevation": 227.02873666188765,
  "std_elevation": 237.6946678023247,
  "min_elevation": 1.9787270441196159,
  "max_elevation": 966.2940623941968,
  "total_water_area_km2": 1987.5653686938833,
  "elevation_change": 330.1865706225833,
  "spatial_stats": {
    "longitude_range": [
      -121.91918037671812,
      -78.76210186095179
    ],
    "latitude_range": [
      25.663597872403358,
      46.981736694688045
    ],
    "centroid_lon": -98.06312732528161,
    "centroid_lat": 35.179619144937774
  },
  "quality_distribution": {
    "good": 39,
    "medium": 5,
    "poor": 4
  },
  "mean_uncertainty": 1.0261855665091,
  "summary": "Tracked 39 water bodies (avg elevation: 285.3 m, total area: 1987.6 km\u00b2)",
  "analysis_date": "2026-07-05 14:49:01",
  "observation_count": 48
}