{
  "total_features": 48,
  "good_quality_features": 43,
  "mean_elevation": 258.62121916100955,
  "median_elevation": 195.84632931883516,
  "std_elevation": 211.23424292701122,
  "min_elevation": 1.8311136611217849,
  "max_elevation": 935.1242329933475,
  "total_water_area_km2": 1941.7905394257282,
  "elevation_change": 301.8340539357386,
  "spatial_stats": {
    "longitude_range": [
      -121.97529096807975,
      -78.48437892123147
    ],
    "latitude_range": [
      25.47841696743083,
      48.10758853105928
    ],
    "centroid_lon": -97.56536850513498,
    "centroid_lat": 35.723519503734146
  },
  "quality_distribution": {
    "good": 43,
    "medium": 5
  },
  "mean_uncertainty": 1.0245859809362927,
  "summary": "Tracked 43 water bodies (avg elevation: 258.6 m, total area: 1941.8 km\u00b2)",
  "analysis_date": "2026-03-17 07:57:40",
  "observation_count": 48
}