{
  "total_features": 48,
  "good_quality_features": 32,
  "mean_elevation": 291.6322948265704,
  "median_elevation": 227.2341597865429,
  "std_elevation": 239.4601159435981,
  "min_elevation": 2.1600227247488,
  "max_elevation": 1024.3347920786,
  "total_water_area_km2": 1786.7712707765018,
  "elevation_change": 308.22592474290536,
  "spatial_stats": {
    "longitude_range": [
      -121.14831500486221,
      -78.76213394663267
    ],
    "latitude_range": [
      25.365673658665955,
      47.67661698777631
    ],
    "centroid_lon": -98.07598813768976,
    "centroid_lat": 36.14068656301838
  },
  "quality_distribution": {
    "good": 32,
    "medium": 13,
    "poor": 3
  },
  "mean_uncertainty": 1.044706110123274,
  "summary": "Tracked 32 water bodies (avg elevation: 291.6 m, total area: 1786.8 km\u00b2)",
  "analysis_date": "2026-03-24 19:54:43",
  "observation_count": 48
}