{
  "total_features": 48,
  "good_quality_features": 36,
  "mean_elevation": 233.24574219547412,
  "median_elevation": 177.34599685208238,
  "std_elevation": 224.79354794433706,
  "min_elevation": 0.5186021198887814,
  "max_elevation": 1125.6160094883862,
  "total_water_area_km2": 1780.2260397298787,
  "elevation_change": 277.7911241655769,
  "spatial_stats": {
    "longitude_range": [
      -121.71392698983799,
      -78.1076624978928
    ],
    "latitude_range": [
      25.061927729521663,
      47.90557015358887
    ],
    "centroid_lon": -98.07573228958081,
    "centroid_lat": 35.988075999602955
  },
  "quality_distribution": {
    "good": 36,
    "medium": 8,
    "poor": 4
  },
  "mean_uncertainty": 1.1866010997822627,
  "summary": "Tracked 36 water bodies (avg elevation: 233.2 m, total area: 1780.2 km\u00b2)",
  "analysis_date": "2026-01-15 13:45:27",
  "observation_count": 48
}