{
  "total_features": 48,
  "good_quality_features": 28,
  "mean_elevation": 241.8407273350725,
  "median_elevation": 180.39762445661813,
  "std_elevation": 260.1339221717459,
  "min_elevation": 0.18478722908257805,
  "max_elevation": 1089.0434746759572,
  "total_water_area_km2": 1429.5429317913747,
  "elevation_change": 314.9109277499546,
  "spatial_stats": {
    "longitude_range": [
      -121.254590701821,
      -76.72726608753918
    ],
    "latitude_range": [
      25.036828181890858,
      47.73254811568307
    ],
    "centroid_lon": -94.24627206314527,
    "centroid_lat": 35.21775916752793
  },
  "quality_distribution": {
    "good": 28,
    "medium": 15,
    "poor": 5
  },
  "mean_uncertainty": 1.003971577679947,
  "summary": "Tracked 28 water bodies (avg elevation: 241.8 m, total area: 1429.5 km\u00b2)",
  "analysis_date": "2025-12-11 13:43:32",
  "observation_count": 48
}