{
  "total_features": 48,
  "good_quality_features": 31,
  "mean_elevation": 248.44026935491289,
  "median_elevation": 179.35128134226002,
  "std_elevation": 244.54339569822196,
  "min_elevation": 0.4389715640549563,
  "max_elevation": 1057.5639500531245,
  "total_water_area_km2": 1570.6752065317864,
  "elevation_change": 301.89502839534964,
  "spatial_stats": {
    "longitude_range": [
      -121.54185010321473,
      -77.13161776015365
    ],
    "latitude_range": [
      25.432627214961897,
      48.39206571024946
    ],
    "centroid_lon": -95.04053417921254,
    "centroid_lat": 35.28470761328034
  },
  "quality_distribution": {
    "good": 31,
    "medium": 11,
    "poor": 6
  },
  "mean_uncertainty": 0.965916434892175,
  "summary": "Tracked 31 water bodies (avg elevation: 248.4 m, total area: 1570.7 km\u00b2)",
  "analysis_date": "2026-02-22 07:39:53",
  "observation_count": 48
}