{
  "total_features": 48,
  "good_quality_features": 33,
  "mean_elevation": 302.79218594577014,
  "median_elevation": 195.93710153447705,
  "std_elevation": 265.04895269111836,
  "min_elevation": 0.7376375620216591,
  "max_elevation": 1198.6330223490356,
  "total_water_area_km2": 1965.4517975729289,
  "elevation_change": 345.8836439404216,
  "spatial_stats": {
    "longitude_range": [
      -121.61138480509807,
      -77.80547712216644
    ],
    "latitude_range": [
      26.118975934561462,
      47.86390893263157
    ],
    "centroid_lon": -97.54344770614134,
    "centroid_lat": 36.4117223993228
  },
  "quality_distribution": {
    "good": 33,
    "medium": 8,
    "poor": 7
  },
  "mean_uncertainty": 0.9710767182353666,
  "summary": "Tracked 33 water bodies (avg elevation: 302.8 m, total area: 1965.5 km\u00b2)",
  "analysis_date": "2026-04-27 15:12:04",
  "observation_count": 48
}