{
  "total_features": 48,
  "good_quality_features": 39,
  "mean_elevation": 312.0438795521483,
  "median_elevation": 217.6619997310043,
  "std_elevation": 293.0451234902165,
  "min_elevation": 0.6660283013943535,
  "max_elevation": 1146.6604035564712,
  "total_water_area_km2": 1967.657641584377,
  "elevation_change": 379.56952080493267,
  "spatial_stats": {
    "longitude_range": [
      -121.7856879269161,
      -80.32768293793568
    ],
    "latitude_range": [
      25.54405300571327,
      48.44180895438535
    ],
    "centroid_lon": -99.82954333119278,
    "centroid_lat": 36.019282020505024
  },
  "quality_distribution": {
    "good": 39,
    "medium": 6,
    "poor": 3
  },
  "mean_uncertainty": 1.0627832171317926,
  "summary": "Tracked 39 water bodies (avg elevation: 312.0 m, total area: 1967.7 km\u00b2)",
  "analysis_date": "2026-06-05 12:16:40",
  "observation_count": 48
}