{
  "total_features": 48,
  "good_quality_features": 35,
  "mean_elevation": 270.2368952366238,
  "median_elevation": 196.0381713870415,
  "std_elevation": 258.70573893301645,
  "min_elevation": 0.48737521739565137,
  "max_elevation": 1018.0907746278137,
  "total_water_area_km2": 1774.311265468843,
  "elevation_change": 349.41809236854556,
  "spatial_stats": {
    "longitude_range": [
      -121.81144867263467,
      -76.88805435428308
    ],
    "latitude_range": [
      25.29616520730719,
      47.34164503656573
    ],
    "centroid_lon": -96.14383167461222,
    "centroid_lat": 34.94156972678205
  },
  "quality_distribution": {
    "good": 35,
    "medium": 10,
    "poor": 3
  },
  "mean_uncertainty": 0.9329101996413921,
  "summary": "Tracked 35 water bodies (avg elevation: 270.2 m, total area: 1774.3 km\u00b2)",
  "analysis_date": "2026-04-30 19:23:57",
  "observation_count": 48
}