{
  "total_features": 48,
  "good_quality_features": 35,
  "mean_elevation": 274.4217419722903,
  "median_elevation": 178.60933563464283,
  "std_elevation": 281.7959914537736,
  "min_elevation": 2.7054552388716626,
  "max_elevation": 1139.5214686434438,
  "total_water_area_km2": 1492.7301921679875,
  "elevation_change": 363.38444861064943,
  "spatial_stats": {
    "longitude_range": [
      -121.88630615069219,
      -80.03795948256935
    ],
    "latitude_range": [
      25.413871438805874,
      48.242143141767386
    ],
    "centroid_lon": -97.0331477897435,
    "centroid_lat": 36.1511709668693
  },
  "quality_distribution": {
    "good": 35,
    "medium": 7,
    "poor": 6
  },
  "mean_uncertainty": 0.9215872476536066,
  "summary": "Tracked 35 water bodies (avg elevation: 274.4 m, total area: 1492.7 km\u00b2)",
  "analysis_date": "2026-01-27 07:34:41",
  "observation_count": 48
}