{
  "total_features": 48,
  "good_quality_features": 26,
  "mean_elevation": 184.9953823049387,
  "median_elevation": 182.99131468882248,
  "std_elevation": 142.06982658528577,
  "min_elevation": 1.915121370824313,
  "max_elevation": 488.64637033644345,
  "total_water_area_km2": 1369.061324567853,
  "elevation_change": 208.3062860427822,
  "spatial_stats": {
    "longitude_range": [
      -121.87288886520213,
      -80.04315535815968
    ],
    "latitude_range": [
      25.28091759936313,
      47.330848329296884
    ],
    "centroid_lon": -94.85285105755032,
    "centroid_lat": 35.491093323157266
  },
  "quality_distribution": {
    "good": 26,
    "medium": 15,
    "poor": 7
  },
  "mean_uncertainty": 1.0417703386598614,
  "summary": "Tracked 26 water bodies (avg elevation: 185.0 m, total area: 1369.1 km\u00b2)",
  "analysis_date": "2026-05-24 18:04:59",
  "observation_count": 48
}