{
  "total_features": 48,
  "good_quality_features": 31,
  "mean_elevation": 245.1790034917642,
  "median_elevation": 182.23144706297154,
  "std_elevation": 232.7569167132293,
  "min_elevation": 1.424665725458799,
  "max_elevation": 961.928698694094,
  "total_water_area_km2": 1491.8700399552724,
  "elevation_change": 312.57805435990633,
  "spatial_stats": {
    "longitude_range": [
      -121.54149111217606,
      -80.353841959112
    ],
    "latitude_range": [
      25.060011705499306,
      48.6904510591744
    ],
    "centroid_lon": -94.61620091704985,
    "centroid_lat": 34.32716530465465
  },
  "quality_distribution": {
    "good": 31,
    "medium": 12,
    "poor": 5
  },
  "mean_uncertainty": 0.9750603630815284,
  "summary": "Tracked 31 water bodies (avg elevation: 245.2 m, total area: 1491.9 km\u00b2)",
  "analysis_date": "2025-11-12 07:25:22",
  "observation_count": 48
}