{
  "total_features": 48,
  "good_quality_features": 31,
  "mean_elevation": 289.8597625415868,
  "median_elevation": 223.4369073115969,
  "std_elevation": 264.11072041040285,
  "min_elevation": 2.0088821821119662,
  "max_elevation": 1101.9264913394709,
  "total_water_area_km2": 1493.081144282772,
  "elevation_change": 377.92682882756924,
  "spatial_stats": {
    "longitude_range": [
      -119.80562012248363,
      -78.23250839061306
    ],
    "latitude_range": [
      26.42352270206581,
      48.524245668015126
    ],
    "centroid_lon": -96.07836942705725,
    "centroid_lat": 35.19786475761175
  },
  "quality_distribution": {
    "good": 31,
    "medium": 12,
    "poor": 5
  },
  "mean_uncertainty": 1.0617925112878583,
  "summary": "Tracked 31 water bodies (avg elevation: 289.9 m, total area: 1493.1 km\u00b2)",
  "analysis_date": "2026-04-21 19:14:30",
  "observation_count": 48
}