{
  "total_features": 48,
  "good_quality_features": 30,
  "mean_elevation": 203.8204464514428,
  "median_elevation": 174.49024362084697,
  "std_elevation": 212.35235564716646,
  "min_elevation": 2.4154013872743,
  "max_elevation": 810.8779153372094,
  "total_water_area_km2": 1686.1017988305525,
  "elevation_change": 269.46816255902826,
  "spatial_stats": {
    "longitude_range": [
      -121.7721405437101,
      -80.0203387838782
    ],
    "latitude_range": [
      25.237782703350824,
      47.55085502107591
    ],
    "centroid_lon": -98.22546907628954,
    "centroid_lat": 34.78142990154697
  },
  "quality_distribution": {
    "good": 30,
    "medium": 11,
    "poor": 7
  },
  "mean_uncertainty": 0.934751113985725,
  "summary": "Tracked 30 water bodies (avg elevation: 203.8 m, total area: 1686.1 km\u00b2)",
  "analysis_date": "2026-03-02 14:04:04",
  "observation_count": 48
}