{
  "total_features": 48,
  "good_quality_features": 31,
  "mean_elevation": 275.79909155151387,
  "median_elevation": 181.16581622525015,
  "std_elevation": 283.3836165279106,
  "min_elevation": 1.3326043855914105,
  "max_elevation": 1043.346778773036,
  "total_water_area_km2": 1513.0197523186569,
  "elevation_change": 362.70782129554334,
  "spatial_stats": {
    "longitude_range": [
      -121.49541068594742,
      -76.9110570189836
    ],
    "latitude_range": [
      26.072682167398597,
      46.932949762427285
    ],
    "centroid_lon": -97.3523469132437,
    "centroid_lat": 35.28853560210682
  },
  "quality_distribution": {
    "good": 31,
    "medium": 9,
    "poor": 8
  },
  "mean_uncertainty": 1.1421042910236205,
  "summary": "Tracked 31 water bodies (avg elevation: 275.8 m, total area: 1513.0 km\u00b2)",
  "analysis_date": "2026-01-08 07:31:02",
  "observation_count": 48
}