{
  "total_features": 48,
  "good_quality_features": 37,
  "mean_elevation": 248.49397182416755,
  "median_elevation": 180.43655327419842,
  "std_elevation": 230.10137836080767,
  "min_elevation": 0.53503454920096,
  "max_elevation": 1082.612171162145,
  "total_water_area_km2": 2058.037426645864,
  "elevation_change": 296.60689709692633,
  "spatial_stats": {
    "longitude_range": [
      -120.81258141194323,
      -77.44796205853338
    ],
    "latitude_range": [
      25.055704206005906,
      45.571295721489406
    ],
    "centroid_lon": -98.04023347373854,
    "centroid_lat": 35.08202475550322
  },
  "quality_distribution": {
    "good": 37,
    "medium": 9,
    "poor": 2
  },
  "mean_uncertainty": 1.0870251847295764,
  "summary": "Tracked 37 water bodies (avg elevation: 248.5 m, total area: 2058.0 km\u00b2)",
  "analysis_date": "2026-04-24 14:48:16",
  "observation_count": 48
}