{
  "total_features": 48,
  "good_quality_features": 36,
  "mean_elevation": 303.99284762741667,
  "median_elevation": 180.55586392126114,
  "std_elevation": 325.6739861429046,
  "min_elevation": 0.8025081380542154,
  "max_elevation": 1102.6205738524518,
  "total_water_area_km2": 1892.5270374812767,
  "elevation_change": 418.1396723011738,
  "spatial_stats": {
    "longitude_range": [
      -121.11328332436315,
      -78.05696755053839
    ],
    "latitude_range": [
      25.34616068410478,
      46.90206939344169
    ],
    "centroid_lon": -97.83044709176504,
    "centroid_lat": 35.62124468472622
  },
  "quality_distribution": {
    "good": 36,
    "medium": 9,
    "poor": 3
  },
  "mean_uncertainty": 1.0790778662992704,
  "summary": "Tracked 36 water bodies (avg elevation: 304.0 m, total area: 1892.5 km\u00b2)",
  "analysis_date": "2026-03-01 07:37:02",
  "observation_count": 48
}