{
  "total_features": 48,
  "good_quality_features": 34,
  "mean_elevation": 237.99249036193993,
  "median_elevation": 178.3457583578612,
  "std_elevation": 249.48244648829404,
  "min_elevation": 1.4575791390811887,
  "max_elevation": 1153.151325260174,
  "total_water_area_km2": 1948.3448700249915,
  "elevation_change": 291.6651108389331,
  "spatial_stats": {
    "longitude_range": [
      -120.68083423276063,
      -80.01762637987608
    ],
    "latitude_range": [
      25.742402963899657,
      48.7943761028876
    ],
    "centroid_lon": -97.39486553341061,
    "centroid_lat": 36.09129894213086
  },
  "quality_distribution": {
    "good": 34,
    "medium": 10,
    "poor": 4
  },
  "mean_uncertainty": 1.036018967125569,
  "summary": "Tracked 34 water bodies (avg elevation: 238.0 m, total area: 1948.3 km\u00b2)",
  "analysis_date": "2026-04-11 11:31:34",
  "observation_count": 48
}