{
  "total_features": 48,
  "good_quality_features": 36,
  "mean_elevation": 297.0254498607426,
  "median_elevation": 215.3696732353389,
  "std_elevation": 302.19590803567087,
  "min_elevation": 3.8415274261887413,
  "max_elevation": 1155.117328919072,
  "total_water_area_km2": 1647.955689052168,
  "elevation_change": 381.1697239071312,
  "spatial_stats": {
    "longitude_range": [
      -121.7147719675697,
      -76.15671960682782
    ],
    "latitude_range": [
      25.099944185246034,
      47.48704506235853
    ],
    "centroid_lon": -97.74532167021721,
    "centroid_lat": 35.14510728792714
  },
  "quality_distribution": {
    "good": 36,
    "medium": 9,
    "poor": 3
  },
  "mean_uncertainty": 1.1109747005506123,
  "summary": "Tracked 36 water bodies (avg elevation: 297.0 m, total area: 1648.0 km\u00b2)",
  "analysis_date": "2025-12-20 02:46:34",
  "observation_count": 48
}