{
  "total_features": 48,
  "good_quality_features": 38,
  "mean_elevation": 231.5516901005099,
  "median_elevation": 181.2260107633436,
  "std_elevation": 212.00443151425216,
  "min_elevation": 0.21413750155024114,
  "max_elevation": 957.1633036419812,
  "total_water_area_km2": 2102.9356716334787,
  "elevation_change": 284.42484746783697,
  "spatial_stats": {
    "longitude_range": [
      -121.68144408931992,
      -77.58784231564071
    ],
    "latitude_range": [
      25.919155911948923,
      48.78173463708848
    ],
    "centroid_lon": -97.50722692464346,
    "centroid_lat": 35.123554257397835
  },
  "quality_distribution": {
    "good": 38,
    "poor": 5,
    "medium": 5
  },
  "mean_uncertainty": 1.027798321046311,
  "summary": "Tracked 38 water bodies (avg elevation: 231.6 m, total area: 2102.9 km\u00b2)",
  "analysis_date": "2026-01-19 19:24:45",
  "observation_count": 48
}