{
  "total_features": 48,
  "good_quality_features": 38,
  "mean_elevation": 314.53062446840397,
  "median_elevation": 236.90576673489733,
  "std_elevation": 317.49628514854834,
  "min_elevation": 1.3863143742506356,
  "max_elevation": 1166.3534138185787,
  "total_water_area_km2": 1912.73953137618,
  "elevation_change": 442.66641200177685,
  "spatial_stats": {
    "longitude_range": [
      -121.60800249251238,
      -79.09474204000854
    ],
    "latitude_range": [
      25.216236832856683,
      45.47798029367212
    ],
    "centroid_lon": -97.11003376881274,
    "centroid_lat": 34.04617722749532
  },
  "quality_distribution": {
    "good": 38,
    "medium": 8,
    "poor": 2
  },
  "mean_uncertainty": 0.9640094179941652,
  "summary": "Tracked 38 water bodies (avg elevation: 314.5 m, total area: 1912.7 km\u00b2)",
  "analysis_date": "2026-07-09 17:22:51",
  "observation_count": 48
}