{
  "total_features": 48,
  "good_quality_features": 36,
  "mean_elevation": 206.84453108162634,
  "median_elevation": 180.96140664459108,
  "std_elevation": 149.32016769232476,
  "min_elevation": 0.03738671844509378,
  "max_elevation": 631.4399827974228,
  "total_water_area_km2": 1952.3221729409481,
  "elevation_change": 220.02064460591828,
  "spatial_stats": {
    "longitude_range": [
      -121.65258679112858,
      -78.77041968766537
    ],
    "latitude_range": [
      25.53633109173461,
      47.98250571488395
    ],
    "centroid_lon": -98.34991919601634,
    "centroid_lat": 34.71588844343515
  },
  "quality_distribution": {
    "good": 36,
    "medium": 8,
    "poor": 4
  },
  "mean_uncertainty": 0.9103927139265523,
  "summary": "Tracked 36 water bodies (avg elevation: 206.8 m, total area: 1952.3 km\u00b2)",
  "analysis_date": "2025-10-24 13:35:42",
  "observation_count": 48
}