{
  "total_features": 48,
  "good_quality_features": 34,
  "mean_elevation": 245.83948406345073,
  "median_elevation": 178.03256392843514,
  "std_elevation": 238.81452866705152,
  "min_elevation": 1.410490718806262,
  "max_elevation": 1101.203310436762,
  "total_water_area_km2": 1729.9159265819471,
  "elevation_change": 320.3411279545745,
  "spatial_stats": {
    "longitude_range": [
      -121.80590080032269,
      -76.85325083708594
    ],
    "latitude_range": [
      25.143755724221283,
      46.714033688769305
    ],
    "centroid_lon": -97.5992753091052,
    "centroid_lat": 35.56085318251924
  },
  "quality_distribution": {
    "good": 34,
    "medium": 11,
    "poor": 3
  },
  "mean_uncertainty": 0.9491100987019121,
  "summary": "Tracked 34 water bodies (avg elevation: 245.8 m, total area: 1729.9 km\u00b2)",
  "analysis_date": "2025-10-30 13:35:31",
  "observation_count": 48
}