{
  "total_features": 48,
  "good_quality_features": 31,
  "mean_elevation": 283.5197489470776,
  "median_elevation": 181.54269849841822,
  "std_elevation": 288.114181882348,
  "min_elevation": 1.618429569037173,
  "max_elevation": 1195.4982669372275,
  "total_water_area_km2": 1824.7136050200259,
  "elevation_change": 347.26573424518057,
  "spatial_stats": {
    "longitude_range": [
      -121.98904428484012,
      -77.84152033226025
    ],
    "latitude_range": [
      25.446314080730644,
      48.48721886120712
    ],
    "centroid_lon": -99.38311071303825,
    "centroid_lat": 36.34661339755551
  },
  "quality_distribution": {
    "good": 31,
    "medium": 13,
    "poor": 4
  },
  "mean_uncertainty": 0.8152591043497024,
  "summary": "Tracked 31 water bodies (avg elevation: 283.5 m, total area: 1824.7 km\u00b2)",
  "analysis_date": "2025-11-27 19:20:06",
  "observation_count": 48
}