{
  "total_features": 48,
  "good_quality_features": 31,
  "mean_elevation": 251.83925728020105,
  "median_elevation": 197.6572369822435,
  "std_elevation": 228.43501676282838,
  "min_elevation": 0.14949548375920774,
  "max_elevation": 959.2160004845854,
  "total_water_area_km2": 1647.5295369603061,
  "elevation_change": 273.71287609612347,
  "spatial_stats": {
    "longitude_range": [
      -121.39191727715423,
      -80.27281544317357
    ],
    "latitude_range": [
      26.09997743206991,
      46.61647121642026
    ],
    "centroid_lon": -101.03867220019718,
    "centroid_lat": 36.09771802246526
  },
  "quality_distribution": {
    "good": 31,
    "medium": 14,
    "poor": 3
  },
  "mean_uncertainty": 1.0913987567327208,
  "summary": "Tracked 31 water bodies (avg elevation: 251.8 m, total area: 1647.5 km\u00b2)",
  "analysis_date": "2025-10-28 13:35:24",
  "observation_count": 48
}