{
  "total_features": 48,
  "good_quality_features": 34,
  "mean_elevation": 320.05355470723447,
  "median_elevation": 203.45917672015543,
  "std_elevation": 306.5407755866017,
  "min_elevation": 1.6618157769101205,
  "max_elevation": 1167.2011963470563,
  "total_water_area_km2": 1685.484158348484,
  "elevation_change": 407.21013748489975,
  "spatial_stats": {
    "longitude_range": [
      -121.87638243975853,
      -77.4753291794219
    ],
    "latitude_range": [
      26.358663994430664,
      45.76537719949877
    ],
    "centroid_lon": -99.5026064732224,
    "centroid_lat": 36.09620492690468
  },
  "quality_distribution": {
    "good": 34,
    "medium": 8,
    "poor": 6
  },
  "mean_uncertainty": 0.832957531594096,
  "summary": "Tracked 34 water bodies (avg elevation: 320.1 m, total area: 1685.5 km\u00b2)",
  "analysis_date": "2026-04-09 22:42:02",
  "observation_count": 48
}