{
  "total_features": 48,
  "good_quality_features": 31,
  "mean_elevation": 219.49295027457316,
  "median_elevation": 176.6932953244889,
  "std_elevation": 266.60192491669824,
  "min_elevation": 0.9556541955060771,
  "max_elevation": 1090.0235352326804,
  "total_water_area_km2": 1475.7776476036481,
  "elevation_change": 297.4957234336639,
  "spatial_stats": {
    "longitude_range": [
      -121.82616184477526,
      -76.10693677923078
    ],
    "latitude_range": [
      25.889295610943172,
      48.905192081886796
    ],
    "centroid_lon": -95.90773243829209,
    "centroid_lat": 35.18406982571432
  },
  "quality_distribution": {
    "good": 31,
    "medium": 13,
    "poor": 4
  },
  "mean_uncertainty": 1.1434164265875408,
  "summary": "Tracked 31 water bodies (avg elevation: 219.5 m, total area: 1475.8 km\u00b2)",
  "analysis_date": "2025-11-09 07:22:52",
  "observation_count": 48
}