{
  "total_features": 48,
  "good_quality_features": 26,
  "mean_elevation": 227.96926983378447,
  "median_elevation": 174.80191786744524,
  "std_elevation": 216.14090842369168,
  "min_elevation": 1.6353701589976188,
  "max_elevation": 986.8090198694081,
  "total_water_area_km2": 1248.795030659504,
  "elevation_change": 249.0588396225544,
  "spatial_stats": {
    "longitude_range": [
      -121.6755774683145,
      -77.15483222537644
    ],
    "latitude_range": [
      26.01510213570229,
      46.79687735331595
    ],
    "centroid_lon": -98.18768576797387,
    "centroid_lat": 36.023498415535144
  },
  "quality_distribution": {
    "good": 26,
    "medium": 13,
    "poor": 9
  },
  "mean_uncertainty": 0.9584872840064235,
  "summary": "Tracked 26 water bodies (avg elevation: 228.0 m, total area: 1248.8 km\u00b2)",
  "analysis_date": "2026-03-25 07:57:58",
  "observation_count": 48
}