{
  "total_features": 48,
  "good_quality_features": 36,
  "mean_elevation": 245.1813070673995,
  "median_elevation": 175.6057765883598,
  "std_elevation": 223.191436337492,
  "min_elevation": 0.6549848305440975,
  "max_elevation": 918.8055357005209,
  "total_water_area_km2": 1901.0534677547128,
  "elevation_change": 302.2859025757049,
  "spatial_stats": {
    "longitude_range": [
      -121.03040014744148,
      -78.28910595665248
    ],
    "latitude_range": [
      25.201302779337514,
      48.36309105983827
    ],
    "centroid_lon": -99.91005692955467,
    "centroid_lat": 35.70573107857447
  },
  "quality_distribution": {
    "good": 36,
    "medium": 10,
    "poor": 2
  },
  "mean_uncertainty": 1.0187431543048462,
  "summary": "Tracked 36 water bodies (avg elevation: 245.2 m, total area: 1901.1 km\u00b2)",
  "analysis_date": "2026-06-17 12:55:49",
  "observation_count": 48
}