{
  "total_features": 48,
  "good_quality_features": 30,
  "mean_elevation": 296.3822741542086,
  "median_elevation": 227.7924488290443,
  "std_elevation": 292.28759146083723,
  "min_elevation": 2.403147356495615,
  "max_elevation": 1150.8562321687566,
  "total_water_area_km2": 1557.6053084244575,
  "elevation_change": 339.76450100411836,
  "spatial_stats": {
    "longitude_range": [
      -121.5031826749408,
      -77.9038558131574
    ],
    "latitude_range": [
      25.504074072805548,
      43.90184720468645
    ],
    "centroid_lon": -96.21835669599419,
    "centroid_lat": 36.25538628981689
  },
  "quality_distribution": {
    "good": 30,
    "medium": 9,
    "poor": 9
  },
  "mean_uncertainty": 1.01564573766551,
  "summary": "Tracked 30 water bodies (avg elevation: 296.4 m, total area: 1557.6 km\u00b2)",
  "analysis_date": "2026-04-10 06:56:16",
  "observation_count": 48
}