{
  "total_features": 48,
  "good_quality_features": 34,
  "mean_elevation": 295.4322883028285,
  "median_elevation": 215.7218826188912,
  "std_elevation": 269.2995938693062,
  "min_elevation": 1.7226463268774028,
  "max_elevation": 1113.9852092310978,
  "total_water_area_km2": 1664.6297562757043,
  "elevation_change": 318.14968155150154,
  "spatial_stats": {
    "longitude_range": [
      -121.67616892959403,
      -76.74082412869835
    ],
    "latitude_range": [
      25.369960054903167,
      48.943283702810845
    ],
    "centroid_lon": -97.58006060401202,
    "centroid_lat": 36.632552933182915
  },
  "quality_distribution": {
    "good": 34,
    "medium": 11,
    "poor": 3
  },
  "mean_uncertainty": 1.2581755144475613,
  "summary": "Tracked 34 water bodies (avg elevation: 295.4 m, total area: 1664.6 km\u00b2)",
  "analysis_date": "2025-12-03 07:27:57",
  "observation_count": 48
}