{
  "total_features": 48,
  "good_quality_features": 32,
  "mean_elevation": 289.27180594009224,
  "median_elevation": 181.2409211057032,
  "std_elevation": 266.87573431804316,
  "min_elevation": 0.8458717891100231,
  "max_elevation": 1170.546425341974,
  "total_water_area_km2": 1637.3080221080177,
  "elevation_change": 325.1305970876865,
  "spatial_stats": {
    "longitude_range": [
      -121.98719454130911,
      -80.42322149274126
    ],
    "latitude_range": [
      25.66472502375092,
      46.69360582091731
    ],
    "centroid_lon": -100.84638187900683,
    "centroid_lat": 36.39775274070497
  },
  "quality_distribution": {
    "good": 32,
    "medium": 11,
    "poor": 5
  },
  "mean_uncertainty": 0.8975010453552266,
  "summary": "Tracked 32 water bodies (avg elevation: 289.3 m, total area: 1637.3 km\u00b2)",
  "analysis_date": "2026-01-15 07:31:58",
  "observation_count": 48
}