{
  "total_features": 48,
  "good_quality_features": 34,
  "mean_elevation": 211.55162423538053,
  "median_elevation": 176.00085113736122,
  "std_elevation": 186.956832967005,
  "min_elevation": 0.13607566850490582,
  "max_elevation": 768.5224761505312,
  "total_water_area_km2": 1690.8959442712642,
  "elevation_change": 269.50715535712663,
  "spatial_stats": {
    "longitude_range": [
      -121.74747231412888,
      -77.01637168629598
    ],
    "latitude_range": [
      25.31434393197326,
      47.58412841782719
    ],
    "centroid_lon": -97.14654388494395,
    "centroid_lat": 35.54583496737001
  },
  "quality_distribution": {
    "good": 34,
    "medium": 12,
    "poor": 2
  },
  "mean_uncertainty": 1.0115484571101778,
  "summary": "Tracked 34 water bodies (avg elevation: 211.6 m, total area: 1690.9 km\u00b2)",
  "analysis_date": "2026-04-04 11:30:26",
  "observation_count": 48
}