{
  "total_features": 48,
  "good_quality_features": 30,
  "mean_elevation": 304.7501417796858,
  "median_elevation": 176.32573178427594,
  "std_elevation": 356.1967708122892,
  "min_elevation": 0.8343712016179949,
  "max_elevation": 1167.8548530005753,
  "total_water_area_km2": 1405.283792942302,
  "elevation_change": 451.1661927424018,
  "spatial_stats": {
    "longitude_range": [
      -121.2913201485028,
      -76.28737144368785
    ],
    "latitude_range": [
      25.44446652993452,
      48.84796330374702
    ],
    "centroid_lon": -95.40618513138152,
    "centroid_lat": 35.152204296317265
  },
  "quality_distribution": {
    "good": 30,
    "medium": 16,
    "poor": 2
  },
  "mean_uncertainty": 0.8988726374896711,
  "summary": "Tracked 30 water bodies (avg elevation: 304.8 m, total area: 1405.3 km\u00b2)",
  "analysis_date": "2025-11-04 02:43:20",
  "observation_count": 48
}