{
  "total_features": 48,
  "good_quality_features": 36,
  "mean_elevation": 268.8002644465308,
  "median_elevation": 180.834068171031,
  "std_elevation": 283.7262431844596,
  "min_elevation": 0.26112486299276316,
  "max_elevation": 1092.8732152343289,
  "total_water_area_km2": 2067.7014520758335,
  "elevation_change": 308.69856791314146,
  "spatial_stats": {
    "longitude_range": [
      -121.74643366336721,
      -76.79926403574163
    ],
    "latitude_range": [
      25.307145668919134,
      48.10216339297746
    ],
    "centroid_lon": -96.71864650616858,
    "centroid_lat": 35.65513695059829
  },
  "quality_distribution": {
    "good": 36,
    "medium": 9,
    "poor": 3
  },
  "mean_uncertainty": 1.0913575657219754,
  "summary": "Tracked 36 water bodies (avg elevation: 268.8 m, total area: 2067.7 km\u00b2)",
  "analysis_date": "2026-04-08 14:48:13",
  "observation_count": 48
}