{
  "total_features": 48,
  "good_quality_features": 34,
  "mean_elevation": 303.47991959106815,
  "median_elevation": 204.9323709771816,
  "std_elevation": 285.9853801177797,
  "min_elevation": 4.361233309765139,
  "max_elevation": 1169.3574027452205,
  "total_water_area_km2": 1651.2984018244515,
  "elevation_change": 326.36068224501264,
  "spatial_stats": {
    "longitude_range": [
      -120.65020087441704,
      -80.00000091225441
    ],
    "latitude_range": [
      25.219696070106647,
      48.29379684480507
    ],
    "centroid_lon": -99.84203091290605,
    "centroid_lat": 36.25921428866177
  },
  "quality_distribution": {
    "good": 34,
    "medium": 11,
    "poor": 3
  },
  "mean_uncertainty": 1.2400173186054935,
  "summary": "Tracked 34 water bodies (avg elevation: 303.5 m, total area: 1651.3 km\u00b2)",
  "analysis_date": "2026-07-14 09:59:00",
  "observation_count": 48
}