{
  "total_features": 48,
  "good_quality_features": 35,
  "mean_elevation": 291.12668364359416,
  "median_elevation": 183.73806404021678,
  "std_elevation": 298.3636985512026,
  "min_elevation": 0.5536811783004014,
  "max_elevation": 1105.2628134133647,
  "total_water_area_km2": 1804.6091749265727,
  "elevation_change": 397.9491827054659,
  "spatial_stats": {
    "longitude_range": [
      -121.77026249267054,
      -77.61008877774815
    ],
    "latitude_range": [
      25.032430242242803,
      47.41454850755306
    ],
    "centroid_lon": -96.46833375407287,
    "centroid_lat": 35.017330145112425
  },
  "quality_distribution": {
    "good": 35,
    "medium": 10,
    "poor": 3
  },
  "mean_uncertainty": 1.1106216433166527,
  "summary": "Tracked 35 water bodies (avg elevation: 291.1 m, total area: 1804.6 km\u00b2)",
  "analysis_date": "2025-11-26 07:25:22",
  "observation_count": 48
}