{
  "total_features": 48,
  "good_quality_features": 30,
  "mean_elevation": 300.87844322621766,
  "median_elevation": 189.15503081717293,
  "std_elevation": 251.76779023558234,
  "min_elevation": 3.1863803970170657,
  "max_elevation": 1024.050402758828,
  "total_water_area_km2": 1362.7522645030913,
  "elevation_change": 346.53198069154035,
  "spatial_stats": {
    "longitude_range": [
      -121.69917202040426,
      -79.6271079736968
    ],
    "latitude_range": [
      26.578239389367532,
      48.8294118187797
    ],
    "centroid_lon": -98.64659281768044,
    "centroid_lat": 37.89173495981
  },
  "quality_distribution": {
    "good": 30,
    "medium": 12,
    "poor": 6
  },
  "mean_uncertainty": 1.0168629237082654,
  "summary": "Tracked 30 water bodies (avg elevation: 300.9 m, total area: 1362.8 km\u00b2)",
  "analysis_date": "2026-03-09 07:53:40",
  "observation_count": 48
}