{
  "total_features": 48,
  "good_quality_features": 32,
  "mean_elevation": 299.54531524602237,
  "median_elevation": 180.2249745584545,
  "std_elevation": 307.5396999129456,
  "min_elevation": 2.3863863864353485,
  "max_elevation": 1092.3444827525968,
  "total_water_area_km2": 1547.9966178708457,
  "elevation_change": 383.62412954319586,
  "spatial_stats": {
    "longitude_range": [
      -121.2916811844132,
      -77.49145940018845
    ],
    "latitude_range": [
      25.48832598034946,
      48.95641798915249
    ],
    "centroid_lon": -98.81058920306845,
    "centroid_lat": 36.04513551890953
  },
  "quality_distribution": {
    "good": 32,
    "poor": 8,
    "medium": 8
  },
  "mean_uncertainty": 0.8603113370128244,
  "summary": "Tracked 32 water bodies (avg elevation: 299.5 m, total area: 1548.0 km\u00b2)",
  "analysis_date": "2025-12-09 13:40:16",
  "observation_count": 48
}