{
  "total_features": 48,
  "good_quality_features": 32,
  "mean_elevation": 253.08722270123022,
  "median_elevation": 179.23251017699158,
  "std_elevation": 248.0501511214386,
  "min_elevation": 3.7804255540325062,
  "max_elevation": 1123.0598322518792,
  "total_water_area_km2": 1553.5123617357578,
  "elevation_change": 298.18838276128963,
  "spatial_stats": {
    "longitude_range": [
      -121.73703178717074,
      -80.0658172968939
    ],
    "latitude_range": [
      25.036941642171797,
      48.674227317184965
    ],
    "centroid_lon": -97.92165548886823,
    "centroid_lat": 35.6193194261849
  },
  "quality_distribution": {
    "good": 32,
    "medium": 15,
    "poor": 1
  },
  "mean_uncertainty": 1.050358031510785,
  "summary": "Tracked 32 water bodies (avg elevation: 253.1 m, total area: 1553.5 km\u00b2)",
  "analysis_date": "2026-04-19 14:02:27",
  "observation_count": 48
}