{
  "total_features": 48,
  "good_quality_features": 33,
  "mean_elevation": 262.01332926172387,
  "median_elevation": 191.78690186206447,
  "std_elevation": 236.37317291219685,
  "min_elevation": 2.396500968673104,
  "max_elevation": 969.7986298941079,
  "total_water_area_km2": 1569.1955294000115,
  "elevation_change": 323.13786641712704,
  "spatial_stats": {
    "longitude_range": [
      -121.84668543174183,
      -79.73398762037284
    ],
    "latitude_range": [
      25.0667427397026,
      48.97353008699045
    ],
    "centroid_lon": -97.49435173104945,
    "centroid_lat": 35.595162470180064
  },
  "quality_distribution": {
    "good": 33,
    "medium": 13,
    "poor": 2
  },
  "mean_uncertainty": 1.1044073257030724,
  "summary": "Tracked 33 water bodies (avg elevation: 262.0 m, total area: 1569.2 km\u00b2)",
  "analysis_date": "2026-03-09 14:09:25",
  "observation_count": 48
}