{
  "total_features": 48,
  "good_quality_features": 33,
  "mean_elevation": 279.20748902656214,
  "median_elevation": 182.89836024327585,
  "std_elevation": 272.5329103181436,
  "min_elevation": 4.744622332799483,
  "max_elevation": 1188.8968846086127,
  "total_water_area_km2": 1715.9660934474675,
  "elevation_change": 351.9657582480388,
  "spatial_stats": {
    "longitude_range": [
      -121.17808011793899,
      -78.0102180514411
    ],
    "latitude_range": [
      25.639212984321976,
      47.525005816957176
    ],
    "centroid_lon": -97.5829631279476,
    "centroid_lat": 35.869205161177184
  },
  "quality_distribution": {
    "good": 33,
    "medium": 9,
    "poor": 6
  },
  "mean_uncertainty": 0.9914401022138913,
  "summary": "Tracked 33 water bodies (avg elevation: 279.2 m, total area: 1716.0 km\u00b2)",
  "analysis_date": "2026-05-12 17:12:13",
  "observation_count": 48
}