{
  "total_features": 48,
  "good_quality_features": 35,
  "mean_elevation": 321.070872514882,
  "median_elevation": 180.4219203219763,
  "std_elevation": 322.368549456441,
  "min_elevation": 1.7741673533256774,
  "max_elevation": 1136.0995750407496,
  "total_water_area_km2": 1876.5108423770505,
  "elevation_change": 415.5158813519242,
  "spatial_stats": {
    "longitude_range": [
      -121.32269445072448,
      -77.13825375186666
    ],
    "latitude_range": [
      25.546151945533023,
      47.853204709679126
    ],
    "centroid_lon": -98.89205591323115,
    "centroid_lat": 36.58078281953683
  },
  "quality_distribution": {
    "good": 35,
    "medium": 10,
    "poor": 3
  },
  "mean_uncertainty": 1.0572395271029966,
  "summary": "Tracked 35 water bodies (avg elevation: 321.1 m, total area: 1876.5 km\u00b2)",
  "analysis_date": "2026-04-24 07:06:54",
  "observation_count": 48
}