{
  "total_features": 48,
  "good_quality_features": 33,
  "mean_elevation": 312.24445105879516,
  "median_elevation": 183.5832712943526,
  "std_elevation": 291.8256641143645,
  "min_elevation": 0.32236551991934315,
  "max_elevation": 1140.6453314115233,
  "total_water_area_km2": 1785.954176557656,
  "elevation_change": 399.90324894089116,
  "spatial_stats": {
    "longitude_range": [
      -121.77989710078192,
      -76.30345369066578
    ],
    "latitude_range": [
      25.67051992614079,
      47.73249838168715
    ],
    "centroid_lon": -97.00218335265492,
    "centroid_lat": 36.79530179966246
  },
  "quality_distribution": {
    "good": 33,
    "medium": 11,
    "poor": 4
  },
  "mean_uncertainty": 0.9337280010415512,
  "summary": "Tracked 33 water bodies (avg elevation: 312.2 m, total area: 1786.0 km\u00b2)",
  "analysis_date": "2026-04-16 22:41:45",
  "observation_count": 48
}