{
  "total_features": 48,
  "good_quality_features": 37,
  "mean_elevation": 288.34480208324425,
  "median_elevation": 183.13985849404335,
  "std_elevation": 313.29607171507286,
  "min_elevation": 0.8693491723883873,
  "max_elevation": 1198.6910788803634,
  "total_water_area_km2": 1811.266765710003,
  "elevation_change": 392.7440942326018,
  "spatial_stats": {
    "longitude_range": [
      -121.57039871477791,
      -77.5449302154009
    ],
    "latitude_range": [
      25.383771976678226,
      47.64200433721499
    ],
    "centroid_lon": -98.87404935524718,
    "centroid_lat": 35.57974396897786
  },
  "quality_distribution": {
    "good": 37,
    "medium": 7,
    "poor": 4
  },
  "mean_uncertainty": 1.057499585422004,
  "summary": "Tracked 37 water bodies (avg elevation: 288.3 m, total area: 1811.3 km\u00b2)",
  "analysis_date": "2026-02-13 07:54:30",
  "observation_count": 48
}