{
  "total_features": 48,
  "good_quality_features": 38,
  "mean_elevation": 262.75706266025554,
  "median_elevation": 180.39229169200797,
  "std_elevation": 284.79790931159374,
  "min_elevation": 0.30300347440829767,
  "max_elevation": 1183.5301061223954,
  "total_water_area_km2": 2054.0545392763706,
  "elevation_change": 354.3178616551801,
  "spatial_stats": {
    "longitude_range": [
      -121.1140820062244,
      -76.66531394051955
    ],
    "latitude_range": [
      25.334024053937924,
      48.43992728438209
    ],
    "centroid_lon": -96.85262460073837,
    "centroid_lat": 35.90254331403739
  },
  "quality_distribution": {
    "good": 38,
    "medium": 5,
    "poor": 5
  },
  "mean_uncertainty": 1.0349085364861723,
  "summary": "Tracked 38 water bodies (avg elevation: 262.8 m, total area: 2054.1 km\u00b2)",
  "analysis_date": "2026-01-06 07:32:30",
  "observation_count": 48
}