{
  "total_features": 48,
  "good_quality_features": 34,
  "mean_elevation": 238.99199184910918,
  "median_elevation": 190.10817115543807,
  "std_elevation": 243.35648051502812,
  "min_elevation": 0.19867871518736369,
  "max_elevation": 1081.241320721801,
  "total_water_area_km2": 1600.068057223265,
  "elevation_change": 283.54931435765565,
  "spatial_stats": {
    "longitude_range": [
      -121.11303164872125,
      -77.35643845202806
    ],
    "latitude_range": [
      25.84727566781738,
      46.66687257026715
    ],
    "centroid_lon": -96.12409627952302,
    "centroid_lat": 35.49708938692433
  },
  "quality_distribution": {
    "good": 34,
    "medium": 8,
    "poor": 6
  },
  "mean_uncertainty": 1.0879217424656726,
  "summary": "Tracked 34 water bodies (avg elevation: 239.0 m, total area: 1600.1 km\u00b2)",
  "analysis_date": "2026-04-20 18:03:51",
  "observation_count": 48
}