{
  "total_features": 48,
  "good_quality_features": 30,
  "mean_elevation": 211.41879587811715,
  "median_elevation": 152.77516963866702,
  "std_elevation": 210.70798582070606,
  "min_elevation": 0.19365603426040878,
  "max_elevation": 769.7785881208378,
  "total_water_area_km2": 1776.75218069896,
  "elevation_change": 264.97175228076037,
  "spatial_stats": {
    "longitude_range": [
      -121.78872189794025,
      -76.23505925832862
    ],
    "latitude_range": [
      25.012124103363988,
      48.61926061705923
    ],
    "centroid_lon": -95.31582862565789,
    "centroid_lat": 35.91420871937951
  },
  "quality_distribution": {
    "good": 30,
    "medium": 14,
    "poor": 4
  },
  "mean_uncertainty": 1.026329996563043,
  "summary": "Tracked 30 water bodies (avg elevation: 211.4 m, total area: 1776.8 km\u00b2)",
  "analysis_date": "2026-01-02 07:29:55",
  "observation_count": 48
}