{
  "total_features": 48,
  "good_quality_features": 32,
  "mean_elevation": 309.97357207837547,
  "median_elevation": 199.914034013597,
  "std_elevation": 294.2434036469656,
  "min_elevation": 0.027792308620847583,
  "max_elevation": 1060.0719596740232,
  "total_water_area_km2": 1280.3786728824284,
  "elevation_change": 387.64205113087644,
  "spatial_stats": {
    "longitude_range": [
      -121.05824442257743,
      -76.27335207283814
    ],
    "latitude_range": [
      25.61673716658094,
      48.931817156965934
    ],
    "centroid_lon": -99.83370537714787,
    "centroid_lat": 35.19751059402472
  },
  "quality_distribution": {
    "good": 32,
    "medium": 9,
    "poor": 7
  },
  "mean_uncertainty": 1.028665855157604,
  "summary": "Tracked 32 water bodies (avg elevation: 310.0 m, total area: 1280.4 km\u00b2)",
  "analysis_date": "2025-11-09 13:28:11",
  "observation_count": 48
}