{
  "total_features": 48,
  "good_quality_features": 36,
  "mean_elevation": 258.21347605967526,
  "median_elevation": 193.7889475642266,
  "std_elevation": 220.56297999665142,
  "min_elevation": 1.1605340175709467,
  "max_elevation": 1087.965009091094,
  "total_water_area_km2": 1698.7806852874462,
  "elevation_change": 291.98553970131076,
  "spatial_stats": {
    "longitude_range": [
      -121.48885390658064,
      -80.2333571178443
    ],
    "latitude_range": [
      25.03168853235215,
      47.332825149677774
    ],
    "centroid_lon": -100.16440156048463,
    "centroid_lat": 35.84748007026517
  },
  "quality_distribution": {
    "good": 36,
    "medium": 8,
    "poor": 4
  },
  "mean_uncertainty": 1.063227362732962,
  "summary": "Tracked 36 water bodies (avg elevation: 258.2 m, total area: 1698.8 km\u00b2)",
  "analysis_date": "2026-04-08 10:14:54",
  "observation_count": 48
}