{
  "total_features": 48,
  "good_quality_features": 33,
  "mean_elevation": 265.56728781922214,
  "median_elevation": 192.49924445442247,
  "std_elevation": 220.3796860484081,
  "min_elevation": 1.36862399982839,
  "max_elevation": 867.0555655195712,
  "total_water_area_km2": 1300.9980586446336,
  "elevation_change": 306.5201966287611,
  "spatial_stats": {
    "longitude_range": [
      -121.5804857780322,
      -79.08396490542097
    ],
    "latitude_range": [
      25.49382233465456,
      48.782586352536455
    ],
    "centroid_lon": -96.47251647120896,
    "centroid_lat": 36.60111744935481
  },
  "quality_distribution": {
    "good": 33,
    "medium": 9,
    "poor": 6
  },
  "mean_uncertainty": 1.344202713891697,
  "summary": "Tracked 33 water bodies (avg elevation: 265.6 m, total area: 1301.0 km\u00b2)",
  "analysis_date": "2026-01-30 07:44:28",
  "observation_count": 48
}