{
  "total_features": 48,
  "good_quality_features": 33,
  "mean_elevation": 265.90809816477315,
  "median_elevation": 257.4230806170316,
  "std_elevation": 232.4666652261632,
  "min_elevation": 0.38930339359197985,
  "max_elevation": 1077.984380602073,
  "total_water_area_km2": 1535.0758659557025,
  "elevation_change": 288.06734018707755,
  "spatial_stats": {
    "longitude_range": [
      -120.34605179852545,
      -77.47145312482024
    ],
    "latitude_range": [
      25.380341379297885,
      48.53291036819237
    ],
    "centroid_lon": -96.54306838910797,
    "centroid_lat": 35.50097064721372
  },
  "quality_distribution": {
    "good": 33,
    "medium": 10,
    "poor": 5
  },
  "mean_uncertainty": 1.0260802020068698,
  "summary": "Tracked 33 water bodies (avg elevation: 265.9 m, total area: 1535.1 km\u00b2)",
  "analysis_date": "2025-12-10 07:28:37",
  "observation_count": 48
}