{
  "total_features": 48,
  "good_quality_features": 39,
  "mean_elevation": 264.7234170477013,
  "median_elevation": 180.41962711430352,
  "std_elevation": 275.84913423990196,
  "min_elevation": 1.6118129682387072,
  "max_elevation": 1034.6327746751151,
  "total_water_area_km2": 1770.2082383282643,
  "elevation_change": 353.66057597408184,
  "spatial_stats": {
    "longitude_range": [
      -121.84370345591935,
      -80.169681536265
    ],
    "latitude_range": [
      25.196548701864995,
      47.54980087469785
    ],
    "centroid_lon": -97.88158449141221,
    "centroid_lat": 35.296386125573555
  },
  "quality_distribution": {
    "good": 39,
    "medium": 7,
    "poor": 2
  },
  "mean_uncertainty": 1.0885954963460798,
  "summary": "Tracked 39 water bodies (avg elevation: 264.7 m, total area: 1770.2 km\u00b2)",
  "analysis_date": "2025-11-27 07:27:13",
  "observation_count": 48
}