{
  "total_features": 48,
  "good_quality_features": 32,
  "mean_elevation": 277.0948916755337,
  "median_elevation": 214.7637970665133,
  "std_elevation": 227.15092337132575,
  "min_elevation": 0.4362607487250114,
  "max_elevation": 1102.1581782573844,
  "total_water_area_km2": 1856.689933321661,
  "elevation_change": 325.4053373963444,
  "spatial_stats": {
    "longitude_range": [
      -121.45145611914934,
      -78.9011901761314
    ],
    "latitude_range": [
      25.17575565505769,
      48.34481694711195
    ],
    "centroid_lon": -97.61961219385273,
    "centroid_lat": 35.8047826807904
  },
  "quality_distribution": {
    "good": 32,
    "medium": 11,
    "poor": 5
  },
  "mean_uncertainty": 1.0387490584498478,
  "summary": "Tracked 32 water bodies (avg elevation: 277.1 m, total area: 1856.7 km\u00b2)",
  "analysis_date": "2026-03-12 14:05:57",
  "observation_count": 48
}