{
  "total_features": 48,
  "good_quality_features": 35,
  "mean_elevation": 251.42382737019886,
  "median_elevation": 178.37494185483584,
  "std_elevation": 244.74608607165015,
  "min_elevation": 0.7014880136535728,
  "max_elevation": 1047.5367111488786,
  "total_water_area_km2": 1393.7558311484506,
  "elevation_change": 315.4896965193807,
  "spatial_stats": {
    "longitude_range": [
      -121.9102768309866,
      -77.3397330636603
    ],
    "latitude_range": [
      25.72023610276808,
      48.70166990000935
    ],
    "centroid_lon": -95.52344016841997,
    "centroid_lat": 35.542293633209894
  },
  "quality_distribution": {
    "good": 35,
    "poor": 7,
    "medium": 6
  },
  "mean_uncertainty": 1.0737885336511626,
  "summary": "Tracked 35 water bodies (avg elevation: 251.4 m, total area: 1393.8 km\u00b2)",
  "analysis_date": "2025-12-23 13:40:23",
  "observation_count": 48
}