{
  "total_features": 48,
  "good_quality_features": 33,
  "mean_elevation": 226.67628253834502,
  "median_elevation": 180.16984081452023,
  "std_elevation": 209.94635698782278,
  "min_elevation": 0.4320193375703041,
  "max_elevation": 912.8746412485186,
  "total_water_area_km2": 1702.919191650974,
  "elevation_change": 261.4718361075205,
  "spatial_stats": {
    "longitude_range": [
      -121.1451340765398,
      -77.69729767801398
    ],
    "latitude_range": [
      25.61061214577605,
      46.166923222591166
    ],
    "centroid_lon": -96.0565193456432,
    "centroid_lat": 35.773675103201995
  },
  "quality_distribution": {
    "good": 33,
    "medium": 10,
    "poor": 5
  },
  "mean_uncertainty": 0.9825672083630577,
  "summary": "Tracked 33 water bodies (avg elevation: 226.7 m, total area: 1702.9 km\u00b2)",
  "analysis_date": "2025-12-02 02:49:46",
  "observation_count": 48
}