{
  "total_features": 48,
  "good_quality_features": 30,
  "mean_elevation": 291.3180151360238,
  "median_elevation": 176.22377906640824,
  "std_elevation": 342.34186163630096,
  "min_elevation": 2.8889785409791644,
  "max_elevation": 1121.6489575435426,
  "total_water_area_km2": 1280.2266897204418,
  "elevation_change": 465.78769866995987,
  "spatial_stats": {
    "longitude_range": [
      -121.4171433963502,
      -76.5767333434755
    ],
    "latitude_range": [
      25.02600171834677,
      47.300877371468026
    ],
    "centroid_lon": -96.33877369912946,
    "centroid_lat": 34.51311226987442
  },
  "quality_distribution": {
    "good": 30,
    "medium": 14,
    "poor": 4
  },
  "mean_uncertainty": 1.0987112589843446,
  "summary": "Tracked 30 water bodies (avg elevation: 291.3 m, total area: 1280.2 km\u00b2)",
  "analysis_date": "2026-05-08 22:05:31",
  "observation_count": 48
}