{
  "total_features": 48,
  "good_quality_features": 36,
  "mean_elevation": 238.82094918175972,
  "median_elevation": 198.07087015526196,
  "std_elevation": 201.45899529947224,
  "min_elevation": 0.763812751783508,
  "max_elevation": 794.6865154708887,
  "total_water_area_km2": 1971.054418229226,
  "elevation_change": 308.6784224229437,
  "spatial_stats": {
    "longitude_range": [
      -120.18883833132216,
      -77.00420228018564
    ],
    "latitude_range": [
      25.88792367461256,
      47.93665116488632
    ],
    "centroid_lon": -98.22982053689014,
    "centroid_lat": 34.97330537699142
  },
  "quality_distribution": {
    "good": 36,
    "medium": 8,
    "poor": 4
  },
  "mean_uncertainty": 0.8876108059632171,
  "summary": "Tracked 36 water bodies (avg elevation: 238.8 m, total area: 1971.1 km\u00b2)",
  "analysis_date": "2026-05-07 19:44:06",
  "observation_count": 48
}