{
  "total_features": 48,
  "good_quality_features": 34,
  "mean_elevation": 214.6642940684189,
  "median_elevation": 176.9029771749097,
  "std_elevation": 191.18836195207945,
  "min_elevation": 0.3553175242979445,
  "max_elevation": 811.3024471352992,
  "total_water_area_km2": 1562.686217565373,
  "elevation_change": 248.6711943681345,
  "spatial_stats": {
    "longitude_range": [
      -120.86690186606832,
      -78.10933633143395
    ],
    "latitude_range": [
      25.166474951787666,
      46.01080473489401
    ],
    "centroid_lon": -97.87008042794785,
    "centroid_lat": 34.43521223329354
  },
  "quality_distribution": {
    "good": 34,
    "medium": 11,
    "poor": 3
  },
  "mean_uncertainty": 1.1829992905136495,
  "summary": "Tracked 34 water bodies (avg elevation: 214.7 m, total area: 1562.7 km\u00b2)",
  "analysis_date": "2026-02-15 13:50:20",
  "observation_count": 48
}