{
  "total_features": 48,
  "good_quality_features": 31,
  "mean_elevation": 261.0363562779221,
  "median_elevation": 167.31610733530675,
  "std_elevation": 280.16187686623795,
  "min_elevation": 0.4087759533677071,
  "max_elevation": 1004.8644728390705,
  "total_water_area_km2": 1708.5102389602453,
  "elevation_change": 400.9410483332856,
  "spatial_stats": {
    "longitude_range": [
      -121.36038645317004,
      -80.24875633435268
    ],
    "latitude_range": [
      25.471517609387558,
      44.275310954048365
    ],
    "centroid_lon": -98.78615971123828,
    "centroid_lat": 33.90993780564989
  },
  "quality_distribution": {
    "good": 31,
    "poor": 10,
    "medium": 7
  },
  "mean_uncertainty": 1.1540516686586983,
  "summary": "Tracked 31 water bodies (avg elevation: 261.0 m, total area: 1708.5 km\u00b2)",
  "analysis_date": "2026-01-12 13:47:29",
  "observation_count": 48
}