{
  "total_features": 48,
  "good_quality_features": 36,
  "mean_elevation": 256.51911902264845,
  "median_elevation": 176.98684304042177,
  "std_elevation": 290.11959420266516,
  "min_elevation": 2.7961504069899155,
  "max_elevation": 1196.883387260695,
  "total_water_area_km2": 2036.5821891321627,
  "elevation_change": 368.53043401770117,
  "spatial_stats": {
    "longitude_range": [
      -121.9106106775332,
      -76.22869957686643
    ],
    "latitude_range": [
      25.28636348761554,
      47.80311789466742
    ],
    "centroid_lon": -95.08307475302253,
    "centroid_lat": 35.28493876217268
  },
  "quality_distribution": {
    "good": 36,
    "medium": 6,
    "poor": 6
  },
  "mean_uncertainty": 1.0979277715961204,
  "summary": "Tracked 36 water bodies (avg elevation: 256.5 m, total area: 2036.6 km\u00b2)",
  "analysis_date": "2026-04-30 22:54:48",
  "observation_count": 48
}