{
  "total_features": 48,
  "good_quality_features": 26,
  "mean_elevation": 267.875475660745,
  "median_elevation": 192.36172100043473,
  "std_elevation": 270.33699940977493,
  "min_elevation": 0.8146533729297367,
  "max_elevation": 1032.783555594278,
  "total_water_area_km2": 1179.8968446702554,
  "elevation_change": 336.3483497322201,
  "spatial_stats": {
    "longitude_range": [
      -120.98444724023284,
      -77.97672924918874
    ],
    "latitude_range": [
      26.60681852499175,
      44.333600388445255
    ],
    "centroid_lon": -97.26338504013613,
    "centroid_lat": 34.81397383440302
  },
  "quality_distribution": {
    "good": 26,
    "medium": 15,
    "poor": 7
  },
  "mean_uncertainty": 0.896106276096607,
  "summary": "Tracked 26 water bodies (avg elevation: 267.9 m, total area: 1179.9 km\u00b2)",
  "analysis_date": "2026-05-02 22:42:47",
  "observation_count": 48
}