{
  "total_features": 48,
  "good_quality_features": 37,
  "mean_elevation": 274.7638068779828,
  "median_elevation": 182.28549416988815,
  "std_elevation": 262.762404819471,
  "min_elevation": 0.23585840757556542,
  "max_elevation": 1115.0624000618598,
  "total_water_area_km2": 1641.3889920450301,
  "elevation_change": 365.0721809980911,
  "spatial_stats": {
    "longitude_range": [
      -121.84946011810955,
      -76.09915829072655
    ],
    "latitude_range": [
      25.847199331180224,
      45.84115374968912
    ],
    "centroid_lon": -97.97789627904307,
    "centroid_lat": 35.73795504982561
  },
  "quality_distribution": {
    "good": 37,
    "medium": 7,
    "poor": 4
  },
  "mean_uncertainty": 1.0371426447859369,
  "summary": "Tracked 37 water bodies (avg elevation: 274.8 m, total area: 1641.4 km\u00b2)",
  "analysis_date": "2025-12-20 07:24:06",
  "observation_count": 48
}