{
  "total_features": 48,
  "good_quality_features": 35,
  "mean_elevation": 247.42097634164372,
  "median_elevation": 182.64181971893703,
  "std_elevation": 243.3785551895295,
  "min_elevation": 0.7513139466420682,
  "max_elevation": 1051.993217716716,
  "total_water_area_km2": 1995.1775745206503,
  "elevation_change": 322.80472199920484,
  "spatial_stats": {
    "longitude_range": [
      -120.73307149676832,
      -76.73683896544325
    ],
    "latitude_range": [
      26.163103330874755,
      48.41046333045805
    ],
    "centroid_lon": -95.48872637292057,
    "centroid_lat": 35.58803358764288
  },
  "quality_distribution": {
    "good": 35,
    "medium": 9,
    "poor": 4
  },
  "mean_uncertainty": 0.9246793894748064,
  "summary": "Tracked 35 water bodies (avg elevation: 247.4 m, total area: 1995.2 km\u00b2)",
  "analysis_date": "2026-07-04 12:07:03",
  "observation_count": 48
}