{
  "total_features": 48,
  "good_quality_features": 35,
  "mean_elevation": 275.8941176351935,
  "median_elevation": 213.8210542851821,
  "std_elevation": 214.66665707392713,
  "min_elevation": 0.7838400811573376,
  "max_elevation": 976.9997408467257,
  "total_water_area_km2": 1546.196727644521,
  "elevation_change": 293.3327680327647,
  "spatial_stats": {
    "longitude_range": [
      -121.56198847329875,
      -79.03640622584172
    ],
    "latitude_range": [
      25.62438503270517,
      48.35028346557976
    ],
    "centroid_lon": -99.0635315729083,
    "centroid_lat": 36.96515495751326
  },
  "quality_distribution": {
    "good": 35,
    "medium": 10,
    "poor": 3
  },
  "mean_uncertainty": 1.0877271145023073,
  "summary": "Tracked 35 water bodies (avg elevation: 275.9 m, total area: 1546.2 km\u00b2)",
  "analysis_date": "2026-04-07 09:04:47",
  "observation_count": 48
}