{
  "total_features": 48,
  "good_quality_features": 35,
  "mean_elevation": 292.16254119449604,
  "median_elevation": 203.6471881900096,
  "std_elevation": 255.05791054890554,
  "min_elevation": 0.9438294765739852,
  "max_elevation": 1072.1139866032713,
  "total_water_area_km2": 1637.599630514561,
  "elevation_change": 355.3159668290697,
  "spatial_stats": {
    "longitude_range": [
      -121.29012122129089,
      -77.12252691999488
    ],
    "latitude_range": [
      25.218113444451962,
      48.58287435615078
    ],
    "centroid_lon": -97.98135603386318,
    "centroid_lat": 36.81094653600976
  },
  "quality_distribution": {
    "good": 35,
    "medium": 9,
    "poor": 4
  },
  "mean_uncertainty": 1.0386502496872474,
  "summary": "Tracked 35 water bodies (avg elevation: 292.2 m, total area: 1637.6 km\u00b2)",
  "analysis_date": "2026-04-18 05:42:26",
  "observation_count": 48
}