{
  "total_features": 48,
  "good_quality_features": 28,
  "mean_elevation": 281.8773537870184,
  "median_elevation": 179.4091893316147,
  "std_elevation": 270.78118324476424,
  "min_elevation": 1.8951687849369347,
  "max_elevation": 1082.4612433065972,
  "total_water_area_km2": 1316.0344877120838,
  "elevation_change": 315.69457265560135,
  "spatial_stats": {
    "longitude_range": [
      -119.89078468941842,
      -76.37981096066778
    ],
    "latitude_range": [
      25.633061110920476,
      46.62630520169802
    ],
    "centroid_lon": -100.54930480291269,
    "centroid_lat": 36.9032748759296
  },
  "quality_distribution": {
    "good": 28,
    "medium": 12,
    "poor": 8
  },
  "mean_uncertainty": 1.0100092413564021,
  "summary": "Tracked 28 water bodies (avg elevation: 281.9 m, total area: 1316.0 km\u00b2)",
  "analysis_date": "2025-12-07 19:19:57",
  "observation_count": 48
}