{
  "total_features": 48,
  "good_quality_features": 34,
  "mean_elevation": 277.4073492949199,
  "median_elevation": 176.538118403522,
  "std_elevation": 308.6861397248949,
  "min_elevation": 1.2169407772119711,
  "max_elevation": 1174.5605414719585,
  "total_water_area_km2": 1976.9995113594084,
  "elevation_change": 395.1388121972475,
  "spatial_stats": {
    "longitude_range": [
      -120.0499771511208,
      -80.04863285826222
    ],
    "latitude_range": [
      25.296549485857536,
      48.24731317149644
    ],
    "centroid_lon": -95.39430392168583,
    "centroid_lat": 35.85904828348356
  },
  "quality_distribution": {
    "good": 34,
    "medium": 10,
    "poor": 4
  },
  "mean_uncertainty": 1.069134276974941,
  "summary": "Tracked 34 water bodies (avg elevation: 277.4 m, total area: 1977.0 km\u00b2)",
  "analysis_date": "2026-02-16 14:07:41",
  "observation_count": 48
}