{
  "total_features": 48,
  "good_quality_features": 36,
  "mean_elevation": 251.4251033361276,
  "median_elevation": 180.47099478466174,
  "std_elevation": 246.65569521300134,
  "min_elevation": 1.6149016827194373,
  "max_elevation": 1072.7856031149508,
  "total_water_area_km2": 2103.634072941717,
  "elevation_change": 323.2663531752776,
  "spatial_stats": {
    "longitude_range": [
      -120.63328078442464,
      -79.86852941359986
    ],
    "latitude_range": [
      26.283461112720325,
      48.839117583362096
    ],
    "centroid_lon": -98.00929579223308,
    "centroid_lat": 36.13797544699081
  },
  "quality_distribution": {
    "good": 36,
    "medium": 6,
    "poor": 6
  },
  "mean_uncertainty": 1.172974910278609,
  "summary": "Tracked 36 water bodies (avg elevation: 251.4 m, total area: 2103.6 km\u00b2)",
  "analysis_date": "2026-01-23 07:32:55",
  "observation_count": 48
}