{
  "total_features": 48,
  "good_quality_features": 28,
  "mean_elevation": 229.41264713148433,
  "median_elevation": 218.9765963718655,
  "std_elevation": 157.67599831476645,
  "min_elevation": 0.5621210182500624,
  "max_elevation": 649.990053397636,
  "total_water_area_km2": 1346.0889111334784,
  "elevation_change": 237.68985124707694,
  "spatial_stats": {
    "longitude_range": [
      -121.70720997191229,
      -77.11109511192645
    ],
    "latitude_range": [
      25.14073795366547,
      48.19956195009052
    ],
    "centroid_lon": -97.24078475808281,
    "centroid_lat": 35.351102870804155
  },
  "quality_distribution": {
    "good": 28,
    "medium": 12,
    "poor": 8
  },
  "mean_uncertainty": 1.1551782196917055,
  "summary": "Tracked 28 water bodies (avg elevation: 229.4 m, total area: 1346.1 km\u00b2)",
  "analysis_date": "2026-05-08 18:16:44",
  "observation_count": 48
}