{
  "total_features": 48,
  "good_quality_features": 35,
  "mean_elevation": 280.32344392847887,
  "median_elevation": 184.5285654194547,
  "std_elevation": 294.74705049288787,
  "min_elevation": 1.8651862242913297,
  "max_elevation": 1143.3673010079042,
  "total_water_area_km2": 1962.3504812556505,
  "elevation_change": 361.0227340255828,
  "spatial_stats": {
    "longitude_range": [
      -121.86511122984167,
      -79.3832958909083
    ],
    "latitude_range": [
      25.01772363646731,
      48.131539794102984
    ],
    "centroid_lon": -97.05025445977427,
    "centroid_lat": 35.94221774112569
  },
  "quality_distribution": {
    "good": 35,
    "medium": 7,
    "poor": 6
  },
  "mean_uncertainty": 0.9958091863556428,
  "summary": "Tracked 35 water bodies (avg elevation: 280.3 m, total area: 1962.4 km\u00b2)",
  "analysis_date": "2025-11-11 13:35:25",
  "observation_count": 48
}