{
  "total_features": 48,
  "good_quality_features": 32,
  "mean_elevation": 310.0303941997129,
  "median_elevation": 197.7367959785542,
  "std_elevation": 266.401218739942,
  "min_elevation": 0.6814184339464502,
  "max_elevation": 1010.6910574703918,
  "total_water_area_km2": 1427.520771544082,
  "elevation_change": 391.76817489065405,
  "spatial_stats": {
    "longitude_range": [
      -121.66457174886003,
      -76.63382800407047
    ],
    "latitude_range": [
      25.04443596508577,
      48.92304034308941
    ],
    "centroid_lon": -99.23643728874687,
    "centroid_lat": 36.14087320127065
  },
  "quality_distribution": {
    "good": 32,
    "medium": 9,
    "poor": 7
  },
  "mean_uncertainty": 0.934212392426311,
  "summary": "Tracked 32 water bodies (avg elevation: 310.0 m, total area: 1427.5 km\u00b2)",
  "analysis_date": "2025-11-25 07:26:00",
  "observation_count": 48
}