{
  "total_features": 48,
  "good_quality_features": 36,
  "mean_elevation": 243.77210626562024,
  "median_elevation": 178.31911396676946,
  "std_elevation": 228.4556114904687,
  "min_elevation": 0.4818487672636429,
  "max_elevation": 994.8847141656728,
  "total_water_area_km2": 2022.182732550486,
  "elevation_change": 287.391658753579,
  "spatial_stats": {
    "longitude_range": [
      -121.82928268106832,
      -77.5337329346404
    ],
    "latitude_range": [
      25.23953142743913,
      48.56631851354001
    ],
    "centroid_lon": -96.15319217488018,
    "centroid_lat": 35.006983329078096
  },
  "quality_distribution": {
    "good": 36,
    "medium": 6,
    "poor": 6
  },
  "mean_uncertainty": 0.9839397158056788,
  "summary": "Tracked 36 water bodies (avg elevation: 243.8 m, total area: 2022.2 km\u00b2)",
  "analysis_date": "2025-11-18 07:25:36",
  "observation_count": 48
}