{
  "total_features": 48,
  "good_quality_features": 34,
  "mean_elevation": 279.01074393137833,
  "median_elevation": 183.24321057515274,
  "std_elevation": 275.0137871186201,
  "min_elevation": 0.3333573488970776,
  "max_elevation": 1143.7394604522501,
  "total_water_area_km2": 1712.532193861204,
  "elevation_change": 351.02064214693695,
  "spatial_stats": {
    "longitude_range": [
      -121.65913233046889,
      -77.23664360297457
    ],
    "latitude_range": [
      25.202471522597563,
      48.0507873033811
    ],
    "centroid_lon": -96.90535086284594,
    "centroid_lat": 35.9489834314308
  },
  "quality_distribution": {
    "good": 34,
    "medium": 9,
    "poor": 5
  },
  "mean_uncertainty": 1.1195855837454474,
  "summary": "Tracked 34 water bodies (avg elevation: 279.0 m, total area: 1712.5 km\u00b2)",
  "analysis_date": "2026-01-10 19:20:44",
  "observation_count": 48
}