{
  "total_features": 48,
  "good_quality_features": 40,
  "mean_elevation": 297.8301491555627,
  "median_elevation": 221.57135546662323,
  "std_elevation": 296.8374430709052,
  "min_elevation": 2.265359544802732,
  "max_elevation": 1133.0117283039763,
  "total_water_area_km2": 2241.046611926103,
  "elevation_change": 384.0877410433711,
  "spatial_stats": {
    "longitude_range": [
      -121.07460810704555,
      -78.21181622615696
    ],
    "latitude_range": [
      25.290876678897337,
      46.119802624301634
    ],
    "centroid_lon": -98.08064487007883,
    "centroid_lat": 35.775203604070704
  },
  "quality_distribution": {
    "good": 40,
    "medium": 7,
    "poor": 1
  },
  "mean_uncertainty": 1.0127309185000906,
  "summary": "Tracked 40 water bodies (avg elevation: 297.8 m, total area: 2241.0 km\u00b2)",
  "analysis_date": "2025-12-22 07:29:56",
  "observation_count": 48
}