{
  "total_features": 48,
  "good_quality_features": 36,
  "mean_elevation": 277.02392875513664,
  "median_elevation": 193.45725875223565,
  "std_elevation": 283.98325494515393,
  "min_elevation": 2.111025582421857,
  "max_elevation": 1180.3488282391013,
  "total_water_area_km2": 1731.0092580012279,
  "elevation_change": 364.2563827327309,
  "spatial_stats": {
    "longitude_range": [
      -121.82306992367981,
      -80.02866078948878
    ],
    "latitude_range": [
      25.151100362735146,
      47.38118250955307
    ],
    "centroid_lon": -97.7336781557573,
    "centroid_lat": 34.97740208239723
  },
  "quality_distribution": {
    "good": 36,
    "medium": 9,
    "poor": 3
  },
  "mean_uncertainty": 0.8922456761392219,
  "summary": "Tracked 36 water bodies (avg elevation: 277.0 m, total area: 1731.0 km\u00b2)",
  "analysis_date": "2026-07-03 22:11:49",
  "observation_count": 48
}