{
  "total_features": 48,
  "good_quality_features": 35,
  "mean_elevation": 307.8099440962986,
  "median_elevation": 179.46274870236735,
  "std_elevation": 294.1448575477547,
  "min_elevation": 0.3890272648253701,
  "max_elevation": 1177.21994273281,
  "total_water_area_km2": 1862.8584739171638,
  "elevation_change": 431.0300259688225,
  "spatial_stats": {
    "longitude_range": [
      -121.60862673284959,
      -80.06510614419605
    ],
    "latitude_range": [
      25.396278658746247,
      48.6901704432654
    ],
    "centroid_lon": -99.82568909265275,
    "centroid_lat": 35.87927044143931
  },
  "quality_distribution": {
    "good": 35,
    "medium": 8,
    "poor": 5
  },
  "mean_uncertainty": 1.0675072576256182,
  "summary": "Tracked 35 water bodies (avg elevation: 307.8 m, total area: 1862.9 km\u00b2)",
  "analysis_date": "2026-07-17 10:54:22",
  "observation_count": 48
}