{
  "total_features": 50,
  "good_quality_features": 33,
  "mean_elevation": 252.329183740138,
  "median_elevation": 260.29453373229427,
  "std_elevation": 145.06724763216954,
  "min_elevation": 18.997027972817328,
  "max_elevation": 497.1320984384127,
  "total_water_area_km2": 1372.7334505008794,
  "elevation_change": 244.54878550036472,
  "spatial_stats": {
    "longitude_range": [
      -124.75815879989973,
      -65.90146639597673
    ],
    "latitude_range": [
      25.803598027839307,
      48.2377616195312
    ],
    "centroid_lon": -90.58894670216041,
    "centroid_lat": 36.636982845032044
  },
  "quality_distribution": {
    "good": 33,
    "medium": 16,
    "poor": 1
  },
  "mean_uncertainty": 0.9716288955714079,
  "summary": "Tracked 33 water bodies (avg elevation: 252.3 m, total area: 1372.7 km\u00b2)",
  "analysis_date": "2025-10-20 13:45:08",
  "observation_count": 50
}