{
  "total_features": 48,
  "good_quality_features": 29,
  "mean_elevation": 222.04844127365925,
  "median_elevation": 182.97650443509002,
  "std_elevation": 197.38523392832312,
  "min_elevation": 2.292359015223495,
  "max_elevation": 877.3567013386918,
  "total_water_area_km2": 1529.9198909396268,
  "elevation_change": 252.35809255079795,
  "spatial_stats": {
    "longitude_range": [
      -121.89998799425011,
      -80.49577433297115
    ],
    "latitude_range": [
      25.19667857055666,
      46.73659677934293
    ],
    "centroid_lon": -97.07647312966911,
    "centroid_lat": 36.13692763841663
  },
  "quality_distribution": {
    "good": 29,
    "medium": 13,
    "poor": 6
  },
  "mean_uncertainty": 1.1087856148285544,
  "summary": "Tracked 29 water bodies (avg elevation: 222.0 m, total area: 1529.9 km\u00b2)",
  "analysis_date": "2026-06-04 17:46:17",
  "observation_count": 48
}