{
  "total_features": 48,
  "good_quality_features": 33,
  "mean_elevation": 251.28085016918934,
  "median_elevation": 197.36073035259932,
  "std_elevation": 238.3721844661085,
  "min_elevation": 2.184763533860955,
  "max_elevation": 1112.2592817546597,
  "total_water_area_km2": 1517.1336086067124,
  "elevation_change": 310.86245653055005,
  "spatial_stats": {
    "longitude_range": [
      -121.2657313703745,
      -79.96365428326021
    ],
    "latitude_range": [
      25.419603572083666,
      45.31788638086797
    ],
    "centroid_lon": -98.070386855521,
    "centroid_lat": 35.01971383576883
  },
  "quality_distribution": {
    "good": 33,
    "medium": 8,
    "poor": 7
  },
  "mean_uncertainty": 1.0225934534463543,
  "summary": "Tracked 33 water bodies (avg elevation: 251.3 m, total area: 1517.1 km\u00b2)",
  "analysis_date": "2026-01-09 13:41:59",
  "observation_count": 48
}