{
  "total_features": 48,
  "good_quality_features": 41,
  "mean_elevation": 294.4013682160222,
  "median_elevation": 238.35109804086238,
  "std_elevation": 257.36359875778254,
  "min_elevation": 3.4246138656154965,
  "max_elevation": 1161.812203719331,
  "total_water_area_km2": 2430.8859440560395,
  "elevation_change": 366.1499190536772,
  "spatial_stats": {
    "longitude_range": [
      -121.31476835699114,
      -80.36776546613493
    ],
    "latitude_range": [
      25.864085884907983,
      48.52308555512854
    ],
    "centroid_lon": -97.19452571533937,
    "centroid_lat": 35.39414630167515
  },
  "quality_distribution": {
    "good": 41,
    "medium": 5,
    "poor": 2
  },
  "mean_uncertainty": 1.0180019765603048,
  "summary": "Tracked 41 water bodies (avg elevation: 294.4 m, total area: 2430.9 km\u00b2)",
  "analysis_date": "2026-02-04 14:05:48",
  "observation_count": 48
}