{
  "total_features": 48,
  "good_quality_features": 33,
  "mean_elevation": 321.1583611274506,
  "median_elevation": 179.95421986367336,
  "std_elevation": 313.81873194072983,
  "min_elevation": 2.277705566458427,
  "max_elevation": 1195.784287956329,
  "total_water_area_km2": 1542.0436033110793,
  "elevation_change": 445.7416014633958,
  "spatial_stats": {
    "longitude_range": [
      -121.62748242486046,
      -80.06912909297337
    ],
    "latitude_range": [
      25.05519950329669,
      48.88245829915035
    ],
    "centroid_lon": -96.75362115063284,
    "centroid_lat": 36.30835017635804
  },
  "quality_distribution": {
    "good": 33,
    "medium": 10,
    "poor": 5
  },
  "mean_uncertainty": 1.0713768455082198,
  "summary": "Tracked 33 water bodies (avg elevation: 321.2 m, total area: 1542.0 km\u00b2)",
  "analysis_date": "2026-01-20 07:35:20",
  "observation_count": 48
}