{
  "total_features": 48,
  "good_quality_features": 33,
  "mean_elevation": 212.0482471610766,
  "median_elevation": 177.31098341517549,
  "std_elevation": 175.50558745536992,
  "min_elevation": 1.1450095714093778,
  "max_elevation": 632.7585881826591,
  "total_water_area_km2": 1605.514513713289,
  "elevation_change": 262.2806532721956,
  "spatial_stats": {
    "longitude_range": [
      -121.49643382844192,
      -78.11038724402927
    ],
    "latitude_range": [
      25.796710890076014,
      48.867902449442894
    ],
    "centroid_lon": -96.97196864936134,
    "centroid_lat": 34.972903451990916
  },
  "quality_distribution": {
    "good": 33,
    "poor": 8,
    "medium": 7
  },
  "mean_uncertainty": 0.9742244810620976,
  "summary": "Tracked 33 water bodies (avg elevation: 212.0 m, total area: 1605.5 km\u00b2)",
  "analysis_date": "2026-04-05 13:58:07",
  "observation_count": 48
}