{
  "total_features": 48,
  "good_quality_features": 36,
  "mean_elevation": 285.7533636028015,
  "median_elevation": 193.49686939064938,
  "std_elevation": 274.8514829621601,
  "min_elevation": 3.185095711917534,
  "max_elevation": 1198.3751779354943,
  "total_water_area_km2": 2062.7946276393636,
  "elevation_change": 360.16614030487864,
  "spatial_stats": {
    "longitude_range": [
      -121.08273002403214,
      -76.42118869445902
    ],
    "latitude_range": [
      25.569657950572548,
      48.69958432973219
    ],
    "centroid_lon": -98.14404801236745,
    "centroid_lat": 35.52391885896641
  },
  "quality_distribution": {
    "good": 36,
    "medium": 9,
    "poor": 3
  },
  "mean_uncertainty": 1.0069212651222932,
  "summary": "Tracked 36 water bodies (avg elevation: 285.8 m, total area: 2062.8 km\u00b2)",
  "analysis_date": "2026-06-25 20:01:31",
  "observation_count": 48
}