{
  "total_features": 48,
  "good_quality_features": 34,
  "mean_elevation": 258.77370011279197,
  "median_elevation": 179.28563910121045,
  "std_elevation": 261.8893221715886,
  "min_elevation": 0.07455264802959882,
  "max_elevation": 1143.1490065024086,
  "total_water_area_km2": 1482.3167365027828,
  "elevation_change": 330.13308735991745,
  "spatial_stats": {
    "longitude_range": [
      -121.0256541793639,
      -80.1463948375819
    ],
    "latitude_range": [
      25.310295086704752,
      47.48692939562006
    ],
    "centroid_lon": -97.08933033991907,
    "centroid_lat": 34.689044738907015
  },
  "quality_distribution": {
    "good": 34,
    "poor": 7,
    "medium": 7
  },
  "mean_uncertainty": 1.1289982501250686,
  "summary": "Tracked 34 water bodies (avg elevation: 258.8 m, total area: 1482.3 km\u00b2)",
  "analysis_date": "2026-04-27 18:12:35",
  "observation_count": 48
}