{
  "total_features": 48,
  "good_quality_features": 29,
  "mean_elevation": 299.7545701273816,
  "median_elevation": 193.03752462061212,
  "std_elevation": 302.48353461181404,
  "min_elevation": 3.410121330160786,
  "max_elevation": 1175.8387076729032,
  "total_water_area_km2": 1450.2028594876476,
  "elevation_change": 389.6369215558171,
  "spatial_stats": {
    "longitude_range": [
      -121.83244208596098,
      -78.04110664979666
    ],
    "latitude_range": [
      25.53929954291445,
      45.65976274822232
    ],
    "centroid_lon": -101.35408387385483,
    "centroid_lat": 35.90249263361724
  },
  "quality_distribution": {
    "good": 29,
    "medium": 14,
    "poor": 5
  },
  "mean_uncertainty": 0.9612640319641339,
  "summary": "Tracked 29 water bodies (avg elevation: 299.8 m, total area: 1450.2 km\u00b2)",
  "analysis_date": "2026-05-24 10:47:15",
  "observation_count": 48
}