{
  "total_features": 48,
  "good_quality_features": 30,
  "mean_elevation": 236.19387710967467,
  "median_elevation": 179.87419386906927,
  "std_elevation": 190.62748261491632,
  "min_elevation": 0.3329988853292254,
  "max_elevation": 777.8626763239005,
  "total_water_area_km2": 1537.0988503546293,
  "elevation_change": 269.51008206509556,
  "spatial_stats": {
    "longitude_range": [
      -121.5625318237261,
      -78.31156855622238
    ],
    "latitude_range": [
      25.532728227849123,
      48.70817354693712
    ],
    "centroid_lon": -95.7680125114649,
    "centroid_lat": 36.518779558904875
  },
  "quality_distribution": {
    "good": 30,
    "medium": 14,
    "poor": 4
  },
  "mean_uncertainty": 1.0874474958056557,
  "summary": "Tracked 30 water bodies (avg elevation: 236.2 m, total area: 1537.1 km\u00b2)",
  "analysis_date": "2026-03-15 03:53:05",
  "observation_count": 48
}