{
  "total_features": 48,
  "good_quality_features": 36,
  "mean_elevation": 255.41815114088325,
  "median_elevation": 209.86882713788168,
  "std_elevation": 192.84885805742292,
  "min_elevation": 2.317839249136473,
  "max_elevation": 852.2231250661847,
  "total_water_area_km2": 1912.6532835188586,
  "elevation_change": 284.1097846297175,
  "spatial_stats": {
    "longitude_range": [
      -121.18024092436889,
      -77.65931057706499
    ],
    "latitude_range": [
      25.26573356614781,
      46.41003921584105
    ],
    "centroid_lon": -97.53886422900148,
    "centroid_lat": 36.01612977290611
  },
  "quality_distribution": {
    "good": 36,
    "medium": 7,
    "poor": 5
  },
  "mean_uncertainty": 1.1314241004208379,
  "summary": "Tracked 36 water bodies (avg elevation: 255.4 m, total area: 1912.7 km\u00b2)",
  "analysis_date": "2025-11-18 13:36:43",
  "observation_count": 48
}