{
  "total_features": 48,
  "good_quality_features": 31,
  "mean_elevation": 276.65862045803453,
  "median_elevation": 223.50969774780052,
  "std_elevation": 241.12820457950158,
  "min_elevation": 1.6287719703077397,
  "max_elevation": 1003.1639991917727,
  "total_water_area_km2": 1402.1406867295455,
  "elevation_change": 313.752789503723,
  "spatial_stats": {
    "longitude_range": [
      -121.36777364941133,
      -76.80219341274737
    ],
    "latitude_range": [
      25.266934094570516,
      48.61671762253617
    ],
    "centroid_lon": -97.18228989082405,
    "centroid_lat": 36.466335934335994
  },
  "quality_distribution": {
    "good": 31,
    "poor": 9,
    "medium": 8
  },
  "mean_uncertainty": 0.8902311507445718,
  "summary": "Tracked 31 water bodies (avg elevation: 276.7 m, total area: 1402.1 km\u00b2)",
  "analysis_date": "2026-02-05 19:40:18",
  "observation_count": 48
}