{
  "total_features": 48,
  "good_quality_features": 29,
  "mean_elevation": 296.4189605364644,
  "median_elevation": 191.5167781554467,
  "std_elevation": 283.3434458882627,
  "min_elevation": 0.1490808677857336,
  "max_elevation": 1051.2457177743393,
  "total_water_area_km2": 1644.79194794835,
  "elevation_change": 415.97093101085284,
  "spatial_stats": {
    "longitude_range": [
      -121.28232250264402,
      -80.034703556242
    ],
    "latitude_range": [
      25.1969858659534,
      47.51197583243408
    ],
    "centroid_lon": -97.76088677025761,
    "centroid_lat": 35.27277014300601
  },
  "quality_distribution": {
    "good": 29,
    "medium": 13,
    "poor": 6
  },
  "mean_uncertainty": 1.1761531155672809,
  "summary": "Tracked 29 water bodies (avg elevation: 296.4 m, total area: 1644.8 km\u00b2)",
  "analysis_date": "2026-01-21 07:36:15",
  "observation_count": 48
}