{
  "total_features": 48,
  "good_quality_features": 32,
  "mean_elevation": 269.24450297003693,
  "median_elevation": 257.1879304136604,
  "std_elevation": 179.01771900261227,
  "min_elevation": 1.8112105391508937,
  "max_elevation": 795.2045132534666,
  "total_water_area_km2": 1686.282039423666,
  "elevation_change": 281.99853189530063,
  "spatial_stats": {
    "longitude_range": [
      -121.92137693940117,
      -78.81153996255573
    ],
    "latitude_range": [
      25.123111055951203,
      47.27898052620089
    ],
    "centroid_lon": -99.48720743273547,
    "centroid_lat": 35.14248278675341
  },
  "quality_distribution": {
    "good": 32,
    "medium": 11,
    "poor": 5
  },
  "mean_uncertainty": 1.1544111533555907,
  "summary": "Tracked 32 water bodies (avg elevation: 269.2 m, total area: 1686.3 km\u00b2)",
  "analysis_date": "2026-05-31 18:09:54",
  "observation_count": 48
}