{
  "total_features": 48,
  "good_quality_features": 31,
  "mean_elevation": 279.59871127577065,
  "median_elevation": 220.1546376559216,
  "std_elevation": 229.2489981894397,
  "min_elevation": 1.8706435005785738,
  "max_elevation": 833.5985732731784,
  "total_water_area_km2": 1524.9020811737123,
  "elevation_change": 315.3340568861184,
  "spatial_stats": {
    "longitude_range": [
      -121.53841924717719,
      -78.90641680516637
    ],
    "latitude_range": [
      25.0518683802131,
      47.19539682787666
    ],
    "centroid_lon": -100.21723692254088,
    "centroid_lat": 36.1013117844076
  },
  "quality_distribution": {
    "good": 31,
    "poor": 10,
    "medium": 7
  },
  "mean_uncertainty": 1.0302863887076636,
  "summary": "Tracked 31 water bodies (avg elevation: 279.6 m, total area: 1524.9 km\u00b2)",
  "analysis_date": "2026-01-06 13:41:51",
  "observation_count": 48
}