{
  "total_features": 48,
  "good_quality_features": 37,
  "mean_elevation": 255.6113012390528,
  "median_elevation": 181.18460722213518,
  "std_elevation": 242.6204122020452,
  "min_elevation": 0.2711865183747886,
  "max_elevation": 1051.5881555131546,
  "total_water_area_km2": 1708.0704269312505,
  "elevation_change": 299.5712713701612,
  "spatial_stats": {
    "longitude_range": [
      -121.74513480329216,
      -78.84176175800374
    ],
    "latitude_range": [
      25.283871197370523,
      48.593651709758134
    ],
    "centroid_lon": -96.13657561227912,
    "centroid_lat": 35.82270667645399
  },
  "quality_distribution": {
    "good": 37,
    "medium": 6,
    "poor": 5
  },
  "mean_uncertainty": 1.0060763510913642,
  "summary": "Tracked 37 water bodies (avg elevation: 255.6 m, total area: 1708.1 km\u00b2)",
  "analysis_date": "2026-01-26 13:49:56",
  "observation_count": 48
}