{
  "total_features": 48,
  "good_quality_features": 36,
  "mean_elevation": 343.56818519167973,
  "median_elevation": 220.43577584715314,
  "std_elevation": 350.5419284364625,
  "min_elevation": 0.1422036172928598,
  "max_elevation": 1176.5785078484496,
  "total_water_area_km2": 1749.149409475459,
  "elevation_change": 483.9874403401604,
  "spatial_stats": {
    "longitude_range": [
      -121.90781335425713,
      -76.74358163903298
    ],
    "latitude_range": [
      26.04924720260488,
      47.68832967711676
    ],
    "centroid_lon": -98.11660131994579,
    "centroid_lat": 36.187363250685394
  },
  "quality_distribution": {
    "good": 36,
    "medium": 8,
    "poor": 4
  },
  "mean_uncertainty": 1.1258679837433165,
  "summary": "Tracked 36 water bodies (avg elevation: 343.6 m, total area: 1749.1 km\u00b2)",
  "analysis_date": "2026-04-29 22:07:03",
  "observation_count": 48
}