{
  "total_features": 48,
  "good_quality_features": 31,
  "mean_elevation": 188.13917525919567,
  "median_elevation": 176.91303542779724,
  "std_elevation": 178.39908065338656,
  "min_elevation": 1.0282781592305112,
  "max_elevation": 879.4007219918511,
  "total_water_area_km2": 1563.546183290505,
  "elevation_change": 222.2988702883989,
  "spatial_stats": {
    "longitude_range": [
      -120.46794438222723,
      -76.4482108021006
    ],
    "latitude_range": [
      25.97860652536066,
      48.306572063512014
    ],
    "centroid_lon": -93.9741162880206,
    "centroid_lat": 36.1310241488976
  },
  "quality_distribution": {
    "good": 31,
    "medium": 9,
    "poor": 8
  },
  "mean_uncertainty": 0.9508434873215045,
  "summary": "Tracked 31 water bodies (avg elevation: 188.1 m, total area: 1563.5 km\u00b2)",
  "analysis_date": "2025-11-05 13:37:21",
  "observation_count": 48
}