{
  "total_features": 48,
  "good_quality_features": 32,
  "mean_elevation": 295.3684421416759,
  "median_elevation": 205.3657613717602,
  "std_elevation": 263.81477954753785,
  "min_elevation": 5.906245629596889,
  "max_elevation": 1169.7977214416621,
  "total_water_area_km2": 1623.159269436045,
  "elevation_change": 335.5957831505107,
  "spatial_stats": {
    "longitude_range": [
      -121.90598082182274,
      -79.05584502770124
    ],
    "latitude_range": [
      26.03035243362763,
      48.682494521075135
    ],
    "centroid_lon": -97.71476243751214,
    "centroid_lat": 35.68884756316146
  },
  "quality_distribution": {
    "good": 32,
    "medium": 12,
    "poor": 4
  },
  "mean_uncertainty": 1.0147298640449232,
  "summary": "Tracked 32 water bodies (avg elevation: 295.4 m, total area: 1623.2 km\u00b2)",
  "analysis_date": "2025-11-08 07:22:34",
  "observation_count": 48
}