{
  "total_features": 48,
  "good_quality_features": 37,
  "mean_elevation": 263.66686036742385,
  "median_elevation": 206.79396443848066,
  "std_elevation": 243.0658416482743,
  "min_elevation": 1.6010654156700932,
  "max_elevation": 1159.6185556488842,
  "total_water_area_km2": 1913.5082932015314,
  "elevation_change": 313.9874056351823,
  "spatial_stats": {
    "longitude_range": [
      -121.76530049389439,
      -76.31679978920542
    ],
    "latitude_range": [
      25.441988337530116,
      47.3343624230382
    ],
    "centroid_lon": -99.3550168691233,
    "centroid_lat": 34.73948073155051
  },
  "quality_distribution": {
    "good": 37,
    "medium": 7,
    "poor": 4
  },
  "mean_uncertainty": 1.2008353063380113,
  "summary": "Tracked 37 water bodies (avg elevation: 263.7 m, total area: 1913.5 km\u00b2)",
  "analysis_date": "2026-02-14 03:31:09",
  "observation_count": 48
}