{
  "total_features": 48,
  "good_quality_features": 30,
  "mean_elevation": 292.1782853731302,
  "median_elevation": 212.61506246455122,
  "std_elevation": 315.71656771705693,
  "min_elevation": 1.76453044709169,
  "max_elevation": 1148.2481169554815,
  "total_water_area_km2": 1703.1889258164772,
  "elevation_change": 398.1506418260361,
  "spatial_stats": {
    "longitude_range": [
      -121.58278863150095,
      -80.11376657592878
    ],
    "latitude_range": [
      25.25637614980877,
      48.32397791139485
    ],
    "centroid_lon": -96.97446829848191,
    "centroid_lat": 34.32456207686617
  },
  "quality_distribution": {
    "good": 30,
    "medium": 14,
    "poor": 4
  },
  "mean_uncertainty": 1.1160264538841458,
  "summary": "Tracked 30 water bodies (avg elevation: 292.2 m, total area: 1703.2 km\u00b2)",
  "analysis_date": "2025-12-13 13:32:03",
  "observation_count": 48
}