{
  "total_features": 48,
  "good_quality_features": 35,
  "mean_elevation": 270.3707720282109,
  "median_elevation": 205.52320644880518,
  "std_elevation": 249.24623112172796,
  "min_elevation": 0.7341106859370095,
  "max_elevation": 1061.445034477921,
  "total_water_area_km2": 1540.0728573160925,
  "elevation_change": 363.834882924717,
  "spatial_stats": {
    "longitude_range": [
      -120.67897708211196,
      -76.74294905000599
    ],
    "latitude_range": [
      26.43672060385528,
      48.79260349291483
    ],
    "centroid_lon": -97.04205051986712,
    "centroid_lat": 35.57860498920019
  },
  "quality_distribution": {
    "good": 35,
    "medium": 11,
    "poor": 2
  },
  "mean_uncertainty": 0.9408885665944662,
  "summary": "Tracked 35 water bodies (avg elevation: 270.4 m, total area: 1540.1 km\u00b2)",
  "analysis_date": "2026-02-11 14:18:13",
  "observation_count": 48
}