{
  "total_features": 48,
  "good_quality_features": 33,
  "mean_elevation": 234.43524133156455,
  "median_elevation": 179.36033803178873,
  "std_elevation": 238.13910108116775,
  "min_elevation": 3.8820230119047716,
  "max_elevation": 917.5666985891621,
  "total_water_area_km2": 1641.3911475283544,
  "elevation_change": 299.47512525090394,
  "spatial_stats": {
    "longitude_range": [
      -121.64623818491754,
      -77.84837716954834
    ],
    "latitude_range": [
      25.091769816280483,
      46.60312728597641
    ],
    "centroid_lon": -96.93626855839946,
    "centroid_lat": 34.980411527186575
  },
  "quality_distribution": {
    "good": 33,
    "medium": 9,
    "poor": 6
  },
  "mean_uncertainty": 0.9587650659297099,
  "summary": "Tracked 33 water bodies (avg elevation: 234.4 m, total area: 1641.4 km\u00b2)",
  "analysis_date": "2026-04-18 11:36:11",
  "observation_count": 48
}