{
  "total_features": 48,
  "good_quality_features": 38,
  "mean_elevation": 248.9695150148258,
  "median_elevation": 226.61808749682177,
  "std_elevation": 224.11905724759,
  "min_elevation": 2.863794677169432,
  "max_elevation": 1125.3469182070476,
  "total_water_area_km2": 2248.29577542088,
  "elevation_change": 308.5329558352733,
  "spatial_stats": {
    "longitude_range": [
      -121.08075607886454,
      -76.82603090419164
    ],
    "latitude_range": [
      25.46221886228878,
      48.29257487425228
    ],
    "centroid_lon": -97.88752090921349,
    "centroid_lat": 34.87074827543151
  },
  "quality_distribution": {
    "good": 38,
    "poor": 5,
    "medium": 5
  },
  "mean_uncertainty": 1.2976405654472771,
  "summary": "Tracked 38 water bodies (avg elevation: 249.0 m, total area: 2248.3 km\u00b2)",
  "analysis_date": "2026-03-10 19:42:11",
  "observation_count": 48
}