{
  "total_features": 48,
  "good_quality_features": 32,
  "mean_elevation": 260.1808507211035,
  "median_elevation": 179.77988406326995,
  "std_elevation": 254.5023950795514,
  "min_elevation": 0.7574107963133891,
  "max_elevation": 984.6183390149558,
  "total_water_area_km2": 1711.359643101229,
  "elevation_change": 326.5337538115958,
  "spatial_stats": {
    "longitude_range": [
      -121.9075005648263,
      -80.07899323439607
    ],
    "latitude_range": [
      25.18103697390152,
      48.558368229522806
    ],
    "centroid_lon": -99.2712786782547,
    "centroid_lat": 35.431230391841815
  },
  "quality_distribution": {
    "good": 32,
    "medium": 10,
    "poor": 6
  },
  "mean_uncertainty": 0.9740180517651433,
  "summary": "Tracked 32 water bodies (avg elevation: 260.2 m, total area: 1711.4 km\u00b2)",
  "analysis_date": "2026-05-27 16:42:26",
  "observation_count": 48
}