{
  "total_features": 48,
  "good_quality_features": 33,
  "mean_elevation": 342.89919429330035,
  "median_elevation": 203.64199558709174,
  "std_elevation": 329.7576052934693,
  "min_elevation": 0.9440243347881738,
  "max_elevation": 1099.9309650416567,
  "total_water_area_km2": 1579.0445497779435,
  "elevation_change": 455.4275486603988,
  "spatial_stats": {
    "longitude_range": [
      -121.01492552614954,
      -76.6493099429691
    ],
    "latitude_range": [
      26.271006123753214,
      48.14773248824812
    ],
    "centroid_lon": -99.11768143367051,
    "centroid_lat": 35.81557437962686
  },
  "quality_distribution": {
    "good": 33,
    "medium": 13,
    "poor": 2
  },
  "mean_uncertainty": 1.1134311467217894,
  "summary": "Tracked 33 water bodies (avg elevation: 342.9 m, total area: 1579.0 km\u00b2)",
  "analysis_date": "2026-07-21 10:25:46",
  "observation_count": 48
}