{
  "total_features": 48,
  "good_quality_features": 36,
  "mean_elevation": 295.0335234304766,
  "median_elevation": 215.177914746772,
  "std_elevation": 267.38462638320726,
  "min_elevation": 1.4208005762767018,
  "max_elevation": 1081.3157746066913,
  "total_water_area_km2": 1931.2704964126287,
  "elevation_change": 367.5216183736627,
  "spatial_stats": {
    "longitude_range": [
      -121.01733289656288,
      -79.44873564493493
    ],
    "latitude_range": [
      25.53624118270916,
      46.89017766953079
    ],
    "centroid_lon": -98.77004606930448,
    "centroid_lat": 35.312988234616846
  },
  "quality_distribution": {
    "good": 36,
    "medium": 11,
    "poor": 1
  },
  "mean_uncertainty": 1.0381824870544785,
  "summary": "Tracked 36 water bodies (avg elevation: 295.0 m, total area: 1931.3 km\u00b2)",
  "analysis_date": "2025-12-25 19:21:39",
  "observation_count": 48
}