{
  "total_features": 48,
  "good_quality_features": 37,
  "mean_elevation": 254.73602679659436,
  "median_elevation": 214.46178043209173,
  "std_elevation": 249.55273982673054,
  "min_elevation": 1.8801038164335504,
  "max_elevation": 1099.3774907766046,
  "total_water_area_km2": 1782.8316837709956,
  "elevation_change": 342.70043942261134,
  "spatial_stats": {
    "longitude_range": [
      -121.97978145095685,
      -79.62062744583882
    ],
    "latitude_range": [
      25.093526205910933,
      48.59669847758557
    ],
    "centroid_lon": -98.43703411440539,
    "centroid_lat": 35.05630397081147
  },
  "quality_distribution": {
    "good": 37,
    "medium": 9,
    "poor": 2
  },
  "mean_uncertainty": 1.2879197292198388,
  "summary": "Tracked 37 water bodies (avg elevation: 254.7 m, total area: 1782.8 km\u00b2)",
  "analysis_date": "2026-03-05 07:47:43",
  "observation_count": 48
}