{
  "total_features": 48,
  "good_quality_features": 29,
  "mean_elevation": 287.08635627708384,
  "median_elevation": 231.21132835199097,
  "std_elevation": 201.20145642638192,
  "min_elevation": 0.34609220447973654,
  "max_elevation": 720.5374938528652,
  "total_water_area_km2": 1510.314429656241,
  "elevation_change": 288.7602434698081,
  "spatial_stats": {
    "longitude_range": [
      -120.72856147965025,
      -80.47211405421984
    ],
    "latitude_range": [
      25.20072154592415,
      48.42107580683571
    ],
    "centroid_lon": -98.57168036572027,
    "centroid_lat": 36.034507893183395
  },
  "quality_distribution": {
    "good": 29,
    "medium": 14,
    "poor": 5
  },
  "mean_uncertainty": 1.1523836981595332,
  "summary": "Tracked 29 water bodies (avg elevation: 287.1 m, total area: 1510.3 km\u00b2)",
  "analysis_date": "2026-07-13 18:47:06",
  "observation_count": 48
}