{
  "total_features": 48,
  "good_quality_features": 36,
  "mean_elevation": 263.5113234144658,
  "median_elevation": 189.1778832240292,
  "std_elevation": 215.21965720803337,
  "min_elevation": 4.901971597666823,
  "max_elevation": 824.755981074378,
  "total_water_area_km2": 1553.108058976114,
  "elevation_change": 324.5871145372315,
  "spatial_stats": {
    "longitude_range": [
      -121.61895190142589,
      -77.50875924129231
    ],
    "latitude_range": [
      25.901433460018186,
      48.77732983498384
    ],
    "centroid_lon": -99.71830366864806,
    "centroid_lat": 35.61551081224996
  },
  "quality_distribution": {
    "good": 36,
    "medium": 8,
    "poor": 4
  },
  "mean_uncertainty": 0.9314178229862436,
  "summary": "Tracked 36 water bodies (avg elevation: 263.5 m, total area: 1553.1 km\u00b2)",
  "analysis_date": "2025-11-09 19:17:55",
  "observation_count": 48
}