{
  "total_features": 48,
  "good_quality_features": 35,
  "mean_elevation": 237.58941877301018,
  "median_elevation": 225.88464846275443,
  "std_elevation": 213.18917141153375,
  "min_elevation": 0.18225545724308567,
  "max_elevation": 1142.2527488895237,
  "total_water_area_km2": 1401.3689743226944,
  "elevation_change": 284.4736197298997,
  "spatial_stats": {
    "longitude_range": [
      -121.3772981407435,
      -77.206906954801
    ],
    "latitude_range": [
      25.6050855441764,
      46.17664096107977
    ],
    "centroid_lon": -97.13443287448496,
    "centroid_lat": 35.21875175914251
  },
  "quality_distribution": {
    "good": 35,
    "medium": 9,
    "poor": 4
  },
  "mean_uncertainty": 0.9163541487911343,
  "summary": "Tracked 35 water bodies (avg elevation: 237.6 m, total area: 1401.4 km\u00b2)",
  "analysis_date": "2026-04-10 21:49:39",
  "observation_count": 48
}