{
  "total_features": 48,
  "good_quality_features": 30,
  "mean_elevation": 229.10835912427834,
  "median_elevation": 182.79931919697606,
  "std_elevation": 206.5157470049832,
  "min_elevation": 5.587823316096678,
  "max_elevation": 1051.1389252557371,
  "total_water_area_km2": 1614.457547250722,
  "elevation_change": 259.28764024610734,
  "spatial_stats": {
    "longitude_range": [
      -121.70961549647917,
      -76.269936912073
    ],
    "latitude_range": [
      25.725837768211058,
      48.59596595818982
    ],
    "centroid_lon": -96.13075958365184,
    "centroid_lat": 35.25196318224688
  },
  "quality_distribution": {
    "good": 30,
    "medium": 14,
    "poor": 4
  },
  "mean_uncertainty": 1.133772027615676,
  "summary": "Tracked 30 water bodies (avg elevation: 229.1 m, total area: 1614.5 km\u00b2)",
  "analysis_date": "2026-07-04 16:02:42",
  "observation_count": 48
}