{
  "total_features": 48,
  "good_quality_features": 36,
  "mean_elevation": 283.8031727517615,
  "median_elevation": 212.06657491218272,
  "std_elevation": 213.93288170154167,
  "min_elevation": 2.3983139672555795,
  "max_elevation": 978.1289374465651,
  "total_water_area_km2": 2058.6444526568253,
  "elevation_change": 305.92592890777763,
  "spatial_stats": {
    "longitude_range": [
      -120.96047344634998,
      -78.38281632273905
    ],
    "latitude_range": [
      26.363738379105648,
      48.03024973245562
    ],
    "centroid_lon": -99.51109371462394,
    "centroid_lat": 36.01317234842051
  },
  "quality_distribution": {
    "good": 36,
    "medium": 8,
    "poor": 4
  },
  "mean_uncertainty": 0.9552823338643712,
  "summary": "Tracked 36 water bodies (avg elevation: 283.8 m, total area: 2058.6 km\u00b2)",
  "analysis_date": "2025-11-29 02:43:09",
  "observation_count": 48
}