{
  "total_features": 48,
  "good_quality_features": 38,
  "mean_elevation": 200.23025700982035,
  "median_elevation": 177.7042766043684,
  "std_elevation": 204.3146277833295,
  "min_elevation": 0.3968383757808658,
  "max_elevation": 923.6500399948267,
  "total_water_area_km2": 1642.142938709506,
  "elevation_change": 262.45657332863584,
  "spatial_stats": {
    "longitude_range": [
      -121.03564987739468,
      -76.19506148796917
    ],
    "latitude_range": [
      25.003857738343633,
      45.94692476302153
    ],
    "centroid_lon": -95.95771423420094,
    "centroid_lat": 34.56896889473214
  },
  "quality_distribution": {
    "good": 38,
    "medium": 6,
    "poor": 4
  },
  "mean_uncertainty": 1.0480989603601196,
  "summary": "Tracked 38 water bodies (avg elevation: 200.2 m, total area: 1642.1 km\u00b2)",
  "analysis_date": "2026-06-28 05:23:57",
  "observation_count": 48
}