{
  "total_features": 48,
  "good_quality_features": 39,
  "mean_elevation": 280.59152252263834,
  "median_elevation": 183.90292348806378,
  "std_elevation": 285.1883781755432,
  "min_elevation": 2.257109112415785,
  "max_elevation": 1130.5620146803642,
  "total_water_area_km2": 2130.2188284171452,
  "elevation_change": 377.3755514303,
  "spatial_stats": {
    "longitude_range": [
      -121.457402670152,
      -77.77839854425461
    ],
    "latitude_range": [
      25.00347960144344,
      48.28355880753007
    ],
    "centroid_lon": -96.90702989234359,
    "centroid_lat": 36.216905815461246
  },
  "quality_distribution": {
    "good": 39,
    "medium": 5,
    "poor": 4
  },
  "mean_uncertainty": 1.0660165288337389,
  "summary": "Tracked 39 water bodies (avg elevation: 280.6 m, total area: 2130.2 km\u00b2)",
  "analysis_date": "2026-03-10 07:45:25",
  "observation_count": 48
}