{
  "total_features": 48,
  "good_quality_features": 29,
  "mean_elevation": 210.74395495890852,
  "median_elevation": 178.31300274577268,
  "std_elevation": 226.1018672036225,
  "min_elevation": 0.5417757796798983,
  "max_elevation": 1100.188011151361,
  "total_water_area_km2": 1326.1732107669923,
  "elevation_change": 282.60053272600703,
  "spatial_stats": {
    "longitude_range": [
      -121.07022356023057,
      -76.78581706516741
    ],
    "latitude_range": [
      25.043441907422874,
      46.348272193243275
    ],
    "centroid_lon": -96.62528425080201,
    "centroid_lat": 34.78446567270925
  },
  "quality_distribution": {
    "good": 29,
    "medium": 12,
    "poor": 7
  },
  "mean_uncertainty": 1.0639868942142734,
  "summary": "Tracked 29 water bodies (avg elevation: 210.7 m, total area: 1326.2 km\u00b2)",
  "analysis_date": "2026-06-08 22:43:40",
  "observation_count": 48
}