{
  "total_features": 48,
  "good_quality_features": 33,
  "mean_elevation": 247.8954959784237,
  "median_elevation": 179.77070547671192,
  "std_elevation": 245.7900386616713,
  "min_elevation": 2.393512316916111,
  "max_elevation": 1164.0416126160662,
  "total_water_area_km2": 1502.6429992032668,
  "elevation_change": 289.9957919989582,
  "spatial_stats": {
    "longitude_range": [
      -121.58686935273003,
      -76.9715256211656
    ],
    "latitude_range": [
      25.95936678422855,
      48.00939777444857
    ],
    "centroid_lon": -96.46350679345262,
    "centroid_lat": 35.890810960871505
  },
  "quality_distribution": {
    "good": 33,
    "medium": 11,
    "poor": 4
  },
  "mean_uncertainty": 1.0364121099423544,
  "summary": "Tracked 33 water bodies (avg elevation: 247.9 m, total area: 1502.6 km\u00b2)",
  "analysis_date": "2026-04-12 21:45:04",
  "observation_count": 48
}