{
  "total_features": 48,
  "good_quality_features": 30,
  "mean_elevation": 282.9576372929633,
  "median_elevation": 182.30759109262894,
  "std_elevation": 317.64640000197556,
  "min_elevation": 1.2302087121310168,
  "max_elevation": 1122.2855014178497,
  "total_water_area_km2": 1577.0658714562749,
  "elevation_change": 371.8544233874497,
  "spatial_stats": {
    "longitude_range": [
      -120.8249124016701,
      -76.97044849911042
    ],
    "latitude_range": [
      26.31023360129114,
      45.31028180905923
    ],
    "centroid_lon": -97.59416187518006,
    "centroid_lat": 35.67443295804462
  },
  "quality_distribution": {
    "good": 30,
    "medium": 13,
    "poor": 5
  },
  "mean_uncertainty": 1.1993295712433805,
  "summary": "Tracked 30 water bodies (avg elevation: 283.0 m, total area: 1577.1 km\u00b2)",
  "analysis_date": "2026-01-09 07:31:47",
  "observation_count": 48
}