{
  "total_features": 48,
  "good_quality_features": 35,
  "mean_elevation": 267.8678968750716,
  "median_elevation": 178.38412842729764,
  "std_elevation": 286.30385549077835,
  "min_elevation": 0.4524351058578735,
  "max_elevation": 1160.229608080001,
  "total_water_area_km2": 2055.5028284147234,
  "elevation_change": 345.3008221713123,
  "spatial_stats": {
    "longitude_range": [
      -121.50312251920657,
      -77.02226051740249
    ],
    "latitude_range": [
      25.15284787189054,
      47.35547217890466
    ],
    "centroid_lon": -97.94442937942732,
    "centroid_lat": 35.02244264740152
  },
  "quality_distribution": {
    "good": 35,
    "medium": 10,
    "poor": 3
  },
  "mean_uncertainty": 1.048191541381811,
  "summary": "Tracked 35 water bodies (avg elevation: 267.9 m, total area: 2055.5 km\u00b2)",
  "analysis_date": "2026-02-12 19:51:25",
  "observation_count": 48
}