{
  "total_features": 48,
  "good_quality_features": 33,
  "mean_elevation": 245.27401597544755,
  "median_elevation": 186.65034368535615,
  "std_elevation": 248.32769999587464,
  "min_elevation": 1.6839663368907642,
  "max_elevation": 1178.5898957409743,
  "total_water_area_km2": 1722.9289608190704,
  "elevation_change": 310.7020216816854,
  "spatial_stats": {
    "longitude_range": [
      -121.96802360528271,
      -76.79153472180663
    ],
    "latitude_range": [
      25.12230623106443,
      48.74053137850385
    ],
    "centroid_lon": -94.12367157906984,
    "centroid_lat": 34.59395057107554
  },
  "quality_distribution": {
    "good": 33,
    "medium": 11,
    "poor": 4
  },
  "mean_uncertainty": 1.0250403966487973,
  "summary": "Tracked 33 water bodies (avg elevation: 245.3 m, total area: 1722.9 km\u00b2)",
  "analysis_date": "2026-06-20 12:26:38",
  "observation_count": 48
}