{
  "total_features": 48,
  "good_quality_features": 35,
  "mean_elevation": 266.0239625217644,
  "median_elevation": 210.65284677232054,
  "std_elevation": 240.561275370002,
  "min_elevation": 1.9692280413047425,
  "max_elevation": 1141.6874032344772,
  "total_water_area_km2": 1879.4902841150974,
  "elevation_change": 342.0925334862197,
  "spatial_stats": {
    "longitude_range": [
      -121.86110946329893,
      -76.9020420495876
    ],
    "latitude_range": [
      25.374286854020237,
      45.7322149118738
    ],
    "centroid_lon": -96.70613141967164,
    "centroid_lat": 34.63521399009668
  },
  "quality_distribution": {
    "good": 35,
    "medium": 9,
    "poor": 4
  },
  "mean_uncertainty": 0.9879578985622962,
  "summary": "Tracked 35 water bodies (avg elevation: 266.0 m, total area: 1879.5 km\u00b2)",
  "analysis_date": "2026-05-14 22:57:45",
  "observation_count": 48
}