{
  "total_features": 48,
  "good_quality_features": 30,
  "mean_elevation": 263.1581147939892,
  "median_elevation": 179.18959791825938,
  "std_elevation": 292.10731104225187,
  "min_elevation": 2.72484990953461,
  "max_elevation": 1197.1892044938047,
  "total_water_area_km2": 1427.0642867515496,
  "elevation_change": 379.5711175576893,
  "spatial_stats": {
    "longitude_range": [
      -120.75783107645985,
      -80.06597688353864
    ],
    "latitude_range": [
      25.249382355351873,
      48.564737676231054
    ],
    "centroid_lon": -97.69940502467121,
    "centroid_lat": 35.25993962090351
  },
  "quality_distribution": {
    "good": 30,
    "medium": 16,
    "poor": 2
  },
  "mean_uncertainty": 1.0314772055572148,
  "summary": "Tracked 30 water bodies (avg elevation: 263.2 m, total area: 1427.1 km\u00b2)",
  "analysis_date": "2026-05-05 12:03:11",
  "observation_count": 48
}