{
  "total_features": 48,
  "good_quality_features": 29,
  "mean_elevation": 340.06257996197974,
  "median_elevation": 176.1811415735916,
  "std_elevation": 391.9066729437127,
  "min_elevation": 1.0361545867733601,
  "max_elevation": 1190.5551757956423,
  "total_water_area_km2": 1413.6479062329072,
  "elevation_change": 535.5729781088755,
  "spatial_stats": {
    "longitude_range": [
      -121.48367725338767,
      -76.42244311438377
    ],
    "latitude_range": [
      26.4239049634855,
      47.2685604568246
    ],
    "centroid_lon": -93.96040209159521,
    "centroid_lat": 35.018343796294076
  },
  "quality_distribution": {
    "good": 29,
    "medium": 15,
    "poor": 4
  },
  "mean_uncertainty": 1.002480801212701,
  "summary": "Tracked 29 water bodies (avg elevation: 340.1 m, total area: 1413.6 km\u00b2)",
  "analysis_date": "2026-01-29 14:02:28",
  "observation_count": 48
}