{
  "total_features": 48,
  "good_quality_features": 29,
  "mean_elevation": 312.66526057398573,
  "median_elevation": 202.6997935076441,
  "std_elevation": 312.07577280473527,
  "min_elevation": 0.8432960970779624,
  "max_elevation": 1175.0325959244778,
  "total_water_area_km2": 1758.9891214517365,
  "elevation_change": 425.3720747319229,
  "spatial_stats": {
    "longitude_range": [
      -121.07837571078247,
      -78.33697615970597
    ],
    "latitude_range": [
      25.239086833677465,
      47.12237017769668
    ],
    "centroid_lon": -95.75289423495667,
    "centroid_lat": 35.762262779526075
  },
  "quality_distribution": {
    "good": 29,
    "medium": 14,
    "poor": 5
  },
  "mean_uncertainty": 1.0664902742841917,
  "summary": "Tracked 29 water bodies (avg elevation: 312.7 m, total area: 1759.0 km\u00b2)",
  "analysis_date": "2026-04-14 22:47:59",
  "observation_count": 48
}