{
  "total_features": 48,
  "good_quality_features": 35,
  "mean_elevation": 244.89119847790639,
  "median_elevation": 179.5294692699372,
  "std_elevation": 241.43547532931083,
  "min_elevation": 2.5236670150458975,
  "max_elevation": 1042.0308923596058,
  "total_water_area_km2": 2220.4520842998604,
  "elevation_change": 334.0254570011269,
  "spatial_stats": {
    "longitude_range": [
      -121.92569519129036,
      -80.02619792207275
    ],
    "latitude_range": [
      25.595709665281333,
      48.02493949112756
    ],
    "centroid_lon": -97.18105171102334,
    "centroid_lat": 35.49610810034049
  },
  "quality_distribution": {
    "good": 35,
    "medium": 11,
    "poor": 2
  },
  "mean_uncertainty": 0.9015380781279558,
  "summary": "Tracked 35 water bodies (avg elevation: 244.9 m, total area: 2220.5 km\u00b2)",
  "analysis_date": "2025-11-29 19:20:01",
  "observation_count": 48
}