{
  "total_features": 48,
  "good_quality_features": 36,
  "mean_elevation": 231.10406599038348,
  "median_elevation": 183.78679554583113,
  "std_elevation": 163.81807096609694,
  "min_elevation": 2.5037195235387455,
  "max_elevation": 627.289690569208,
  "total_water_area_km2": 1615.018709871345,
  "elevation_change": 243.28985467541688,
  "spatial_stats": {
    "longitude_range": [
      -121.21015249252495,
      -78.77255540663099
    ],
    "latitude_range": [
      25.15467617496066,
      48.897127325532
    ],
    "centroid_lon": -98.99244273522554,
    "centroid_lat": 35.99761290811991
  },
  "quality_distribution": {
    "good": 36,
    "poor": 6,
    "medium": 6
  },
  "mean_uncertainty": 1.2030827896945062,
  "summary": "Tracked 36 water bodies (avg elevation: 231.1 m, total area: 1615.0 km\u00b2)",
  "analysis_date": "2026-05-24 14:41:42",
  "observation_count": 48
}