{
  "total_features": 48,
  "good_quality_features": 33,
  "mean_elevation": 241.87103883110802,
  "median_elevation": 181.5477815580684,
  "std_elevation": 249.90389866528858,
  "min_elevation": 1.8881647707015192,
  "max_elevation": 1103.873586263238,
  "total_water_area_km2": 1681.020624927871,
  "elevation_change": 322.87866586661266,
  "spatial_stats": {
    "longitude_range": [
      -120.78851812092452,
      -80.29064963131633
    ],
    "latitude_range": [
      25.513366142379233,
      48.316265019456296
    ],
    "centroid_lon": -96.72688147884926,
    "centroid_lat": 35.52515675149482
  },
  "quality_distribution": {
    "good": 33,
    "medium": 12,
    "poor": 3
  },
  "mean_uncertainty": 1.0769122811935514,
  "summary": "Tracked 33 water bodies (avg elevation: 241.9 m, total area: 1681.0 km\u00b2)",
  "analysis_date": "2026-04-23 16:29:07",
  "observation_count": 48
}