{
  "total_features": 48,
  "good_quality_features": 36,
  "mean_elevation": 206.0167907009842,
  "median_elevation": 182.12235154678342,
  "std_elevation": 168.22604204211376,
  "min_elevation": 0.514806909224439,
  "max_elevation": 745.2751668589962,
  "total_water_area_km2": 1977.8715358972413,
  "elevation_change": 218.58806030825124,
  "spatial_stats": {
    "longitude_range": [
      -121.62928754448055,
      -76.65742369314016
    ],
    "latitude_range": [
      25.110253477743047,
      48.24418681795462
    ],
    "centroid_lon": -95.45490956624523,
    "centroid_lat": 35.93818098737714
  },
  "quality_distribution": {
    "good": 36,
    "medium": 9,
    "poor": 3
  },
  "mean_uncertainty": 0.9288467644124372,
  "summary": "Tracked 36 water bodies (avg elevation: 206.0 m, total area: 1977.9 km\u00b2)",
  "analysis_date": "2025-12-02 19:25:02",
  "observation_count": 48
}