{
  "total_features": 48,
  "good_quality_features": 38,
  "mean_elevation": 258.2071765281246,
  "median_elevation": 176.87835657853498,
  "std_elevation": 286.3468152904089,
  "min_elevation": 0.5564220864270886,
  "max_elevation": 1188.39598427672,
  "total_water_area_km2": 1963.4530293630976,
  "elevation_change": 325.9526447406391,
  "spatial_stats": {
    "longitude_range": [
      -121.6025293840465,
      -76.4383821775217
    ],
    "latitude_range": [
      25.048477108399265,
      47.85648754069759
    ],
    "centroid_lon": -96.87852600870399,
    "centroid_lat": 35.93827443511289
  },
  "quality_distribution": {
    "good": 38,
    "medium": 7,
    "poor": 3
  },
  "mean_uncertainty": 0.8120213585141861,
  "summary": "Tracked 38 water bodies (avg elevation: 258.2 m, total area: 1963.5 km\u00b2)",
  "analysis_date": "2025-12-30 13:40:13",
  "observation_count": 48
}