{
  "total_features": 48,
  "good_quality_features": 32,
  "mean_elevation": 241.50582678381318,
  "median_elevation": 190.7903060644279,
  "std_elevation": 183.07751309068954,
  "min_elevation": 0.048719991831408516,
  "max_elevation": 784.1706812404882,
  "total_water_area_km2": 1485.9001805802,
  "elevation_change": 281.63409380013974,
  "spatial_stats": {
    "longitude_range": [
      -121.37552394808034,
      -78.26925868408703
    ],
    "latitude_range": [
      26.02577119530618,
      48.94956307161668
    ],
    "centroid_lon": -99.44902315104189,
    "centroid_lat": 35.33824215951858
  },
  "quality_distribution": {
    "good": 32,
    "medium": 10,
    "poor": 6
  },
  "mean_uncertainty": 1.076272374977087,
  "summary": "Tracked 32 water bodies (avg elevation: 241.5 m, total area: 1485.9 km\u00b2)",
  "analysis_date": "2026-06-20 16:19:30",
  "observation_count": 48
}