{
  "total_features": 48,
  "good_quality_features": 35,
  "mean_elevation": 335.454896777608,
  "median_elevation": 218.69176577534319,
  "std_elevation": 325.881482969195,
  "min_elevation": 2.873409787186074,
  "max_elevation": 1170.394291526659,
  "total_water_area_km2": 1707.4163059819914,
  "elevation_change": 433.16641929334276,
  "spatial_stats": {
    "longitude_range": [
      -121.47408953841938,
      -79.45739845988132
    ],
    "latitude_range": [
      25.15422207462068,
      48.94281755297714
    ],
    "centroid_lon": -98.45775704116707,
    "centroid_lat": 35.97362415777036
  },
  "quality_distribution": {
    "good": 35,
    "medium": 9,
    "poor": 4
  },
  "mean_uncertainty": 0.9882087882020916,
  "summary": "Tracked 35 water bodies (avg elevation: 335.5 m, total area: 1707.4 km\u00b2)",
  "analysis_date": "2026-06-16 18:55:16",
  "observation_count": 48
}