{
  "total_features": 48,
  "good_quality_features": 35,
  "mean_elevation": 252.2391156936257,
  "median_elevation": 182.609504476239,
  "std_elevation": 254.24808508369148,
  "min_elevation": 0.5634413506784386,
  "max_elevation": 1161.2022755874027,
  "total_water_area_km2": 1627.5745714164257,
  "elevation_change": 328.4791276441703,
  "spatial_stats": {
    "longitude_range": [
      -121.76009462651719,
      -76.59770137601942
    ],
    "latitude_range": [
      25.10797567282383,
      47.156845718437935
    ],
    "centroid_lon": -97.27842151238586,
    "centroid_lat": 35.459646669783176
  },
  "quality_distribution": {
    "good": 35,
    "medium": 9,
    "poor": 4
  },
  "mean_uncertainty": 0.9589655948651349,
  "summary": "Tracked 35 water bodies (avg elevation: 252.2 m, total area: 1627.6 km\u00b2)",
  "analysis_date": "2026-03-07 13:42:10",
  "observation_count": 48
}