{
  "total_features": 48,
  "good_quality_features": 30,
  "mean_elevation": 263.1657214570721,
  "median_elevation": 191.59190881493774,
  "std_elevation": 258.4595228194663,
  "min_elevation": 0.745127481882023,
  "max_elevation": 1039.1256760704428,
  "total_water_area_km2": 1522.1908709008915,
  "elevation_change": 331.6212160276206,
  "spatial_stats": {
    "longitude_range": [
      -121.70499264593626,
      -76.860057806177
    ],
    "latitude_range": [
      25.73971890031773,
      47.81128867439028
    ],
    "centroid_lon": -97.06157052834587,
    "centroid_lat": 35.345160616845085
  },
  "quality_distribution": {
    "good": 30,
    "medium": 9,
    "poor": 9
  },
  "mean_uncertainty": 1.2640162627322644,
  "summary": "Tracked 30 water bodies (avg elevation: 263.2 m, total area: 1522.2 km\u00b2)",
  "analysis_date": "2026-05-23 04:41:53",
  "observation_count": 48
}