{
  "total_features": 48,
  "good_quality_features": 29,
  "mean_elevation": 177.88889700095064,
  "median_elevation": 177.0951896626693,
  "std_elevation": 187.8863928947596,
  "min_elevation": 0.3927419727048431,
  "max_elevation": 956.3078940479875,
  "total_water_area_km2": 1390.0353171374925,
  "elevation_change": 233.7536071769191,
  "spatial_stats": {
    "longitude_range": [
      -121.6741652002291,
      -76.47589646949372
    ],
    "latitude_range": [
      25.503449609822738,
      45.9718290167082
    ],
    "centroid_lon": -93.11563835586175,
    "centroid_lat": 34.84142484893558
  },
  "quality_distribution": {
    "good": 29,
    "medium": 13,
    "poor": 6
  },
  "mean_uncertainty": 1.1494751421278033,
  "summary": "Tracked 29 water bodies (avg elevation: 177.9 m, total area: 1390.0 km\u00b2)",
  "analysis_date": "2026-07-04 22:58:13",
  "observation_count": 48
}