{
  "total_features": 48,
  "good_quality_features": 36,
  "mean_elevation": 178.03620086293873,
  "median_elevation": 176.8051376229425,
  "std_elevation": 119.68534507914976,
  "min_elevation": 0.9620376511454265,
  "max_elevation": 475.11734498448146,
  "total_water_area_km2": 1813.774255793778,
  "elevation_change": 176.96882038256598,
  "spatial_stats": {
    "longitude_range": [
      -120.59022898434893,
      -76.49702069248822
    ],
    "latitude_range": [
      25.785357955982033,
      48.41019171192707
    ],
    "centroid_lon": -96.20042320330839,
    "centroid_lat": 36.69787086432047
  },
  "quality_distribution": {
    "good": 36,
    "poor": 9,
    "medium": 3
  },
  "mean_uncertainty": 0.8822933207452116,
  "summary": "Tracked 36 water bodies (avg elevation: 178.0 m, total area: 1813.8 km\u00b2)",
  "analysis_date": "2025-11-02 13:27:34",
  "observation_count": 48
}