{
  "total_features": 48,
  "good_quality_features": 37,
  "mean_elevation": 302.3221809756642,
  "median_elevation": 238.0868686424589,
  "std_elevation": 265.76723701673023,
  "min_elevation": 3.1772853860385055,
  "max_elevation": 976.906375277752,
  "total_water_area_km2": 1947.4793040738853,
  "elevation_change": 386.20468292098565,
  "spatial_stats": {
    "longitude_range": [
      -120.90277637986497,
      -80.12316498076464
    ],
    "latitude_range": [
      25.20977751898013,
      48.21539820084002
    ],
    "centroid_lon": -97.51327778649551,
    "centroid_lat": 35.27782386021895
  },
  "quality_distribution": {
    "good": 37,
    "medium": 10,
    "poor": 1
  },
  "mean_uncertainty": 1.186112613395006,
  "summary": "Tracked 37 water bodies (avg elevation: 302.3 m, total area: 1947.5 km\u00b2)",
  "analysis_date": "2026-03-01 13:42:20",
  "observation_count": 48
}