{
  "total_features": 48,
  "good_quality_features": 31,
  "mean_elevation": 244.6465712199172,
  "median_elevation": 197.93621753675896,
  "std_elevation": 202.36629669454686,
  "min_elevation": 1.2188611196007548,
  "max_elevation": 806.6723198141749,
  "total_water_area_km2": 1621.0007349125597,
  "elevation_change": 296.0605564967806,
  "spatial_stats": {
    "longitude_range": [
      -121.88039764373127,
      -79.6565364783353
    ],
    "latitude_range": [
      25.755430341056517,
      47.81410008482421
    ],
    "centroid_lon": -97.51711987334973,
    "centroid_lat": 35.81883151791335
  },
  "quality_distribution": {
    "good": 31,
    "medium": 11,
    "poor": 6
  },
  "mean_uncertainty": 1.002068952210634,
  "summary": "Tracked 31 water bodies (avg elevation: 244.6 m, total area: 1621.0 km\u00b2)",
  "analysis_date": "2026-02-15 19:32:51",
  "observation_count": 48
}