{
  "total_features": 48,
  "good_quality_features": 32,
  "mean_elevation": 272.7737319693743,
  "median_elevation": 182.3956069777317,
  "std_elevation": 264.7167071264073,
  "min_elevation": 2.226308517141949,
  "max_elevation": 1177.5673350667043,
  "total_water_area_km2": 2016.2483444784953,
  "elevation_change": 347.39961937511254,
  "spatial_stats": {
    "longitude_range": [
      -120.06615540072005,
      -78.71793694409725
    ],
    "latitude_range": [
      25.313755824205117,
      47.885042475031526
    ],
    "centroid_lon": -95.4386159883297,
    "centroid_lat": 34.78359876705825
  },
  "quality_distribution": {
    "good": 32,
    "medium": 13,
    "poor": 3
  },
  "mean_uncertainty": 1.093110360609137,
  "summary": "Tracked 32 water bodies (avg elevation: 272.8 m, total area: 2016.2 km\u00b2)",
  "analysis_date": "2026-06-17 22:49:16",
  "observation_count": 48
}