{
  "total_features": 48,
  "good_quality_features": 35,
  "mean_elevation": 234.44122650399015,
  "median_elevation": 183.86298424742694,
  "std_elevation": 207.18997608171978,
  "min_elevation": 1.2686078328676742,
  "max_elevation": 1039.608237967083,
  "total_water_area_km2": 1463.7251023638219,
  "elevation_change": 271.1127893949151,
  "spatial_stats": {
    "longitude_range": [
      -121.35921712338087,
      -79.02499755886687
    ],
    "latitude_range": [
      25.24250386130846,
      48.19223635980156
    ],
    "centroid_lon": -97.10741102752203,
    "centroid_lat": 35.978952019994246
  },
  "quality_distribution": {
    "good": 35,
    "medium": 11,
    "poor": 2
  },
  "mean_uncertainty": 1.030295816520809,
  "summary": "Tracked 35 water bodies (avg elevation: 234.4 m, total area: 1463.7 km\u00b2)",
  "analysis_date": "2025-12-04 13:40:45",
  "observation_count": 48
}