{
  "total_features": 48,
  "good_quality_features": 35,
  "mean_elevation": 284.4367351280602,
  "median_elevation": 250.73669890252265,
  "std_elevation": 218.76019471769152,
  "min_elevation": 1.0069888589125808,
  "max_elevation": 875.4742079715377,
  "total_water_area_km2": 2095.8265540806697,
  "elevation_change": 326.6828303911219,
  "spatial_stats": {
    "longitude_range": [
      -120.7072190487876,
      -80.0244565705275
    ],
    "latitude_range": [
      25.120696662520384,
      48.14263584246122
    ],
    "centroid_lon": -100.34280850724618,
    "centroid_lat": 35.53877459508061
  },
  "quality_distribution": {
    "good": 35,
    "medium": 9,
    "poor": 4
  },
  "mean_uncertainty": 1.0858199171657,
  "summary": "Tracked 35 water bodies (avg elevation: 284.4 m, total area: 2095.8 km\u00b2)",
  "analysis_date": "2025-10-24 19:20:40",
  "observation_count": 48
}