{
  "total_features": 48,
  "good_quality_features": 31,
  "mean_elevation": 248.43919947043725,
  "median_elevation": 210.40154608462458,
  "std_elevation": 211.36438963408767,
  "min_elevation": 1.3149703093658893,
  "max_elevation": 889.1506157022042,
  "total_water_area_km2": 1267.0019720866585,
  "elevation_change": 305.2165242920471,
  "spatial_stats": {
    "longitude_range": [
      -121.3086250899593,
      -80.0188656019959
    ],
    "latitude_range": [
      25.874015038574697,
      47.25589745829358
    ],
    "centroid_lon": -98.04381938266303,
    "centroid_lat": 35.299447521441664
  },
  "quality_distribution": {
    "good": 31,
    "poor": 9,
    "medium": 8
  },
  "mean_uncertainty": 0.9724480648451549,
  "summary": "Tracked 31 water bodies (avg elevation: 248.4 m, total area: 1267.0 km\u00b2)",
  "analysis_date": "2026-05-25 22:14:34",
  "observation_count": 48
}