{
  "total_features": 48,
  "good_quality_features": 30,
  "mean_elevation": 259.34562374577695,
  "median_elevation": 175.57699980573784,
  "std_elevation": 301.3094703450319,
  "min_elevation": 0.6344752304266921,
  "max_elevation": 1149.8845484125845,
  "total_water_area_km2": 1349.6369374387493,
  "elevation_change": 371.6377647258349,
  "spatial_stats": {
    "longitude_range": [
      -121.31529099926264,
      -78.9494807942304
    ],
    "latitude_range": [
      27.18765319725943,
      47.11113417124393
    ],
    "centroid_lon": -96.50050156792373,
    "centroid_lat": 36.121960927143725
  },
  "quality_distribution": {
    "good": 30,
    "medium": 11,
    "poor": 7
  },
  "mean_uncertainty": 1.0045292400412964,
  "summary": "Tracked 30 water bodies (avg elevation: 259.3 m, total area: 1349.6 km\u00b2)",
  "analysis_date": "2025-12-22 19:22:33",
  "observation_count": 48
}