{
  "total_features": 48,
  "good_quality_features": 30,
  "mean_elevation": 349.693377126475,
  "median_elevation": 248.18000198785936,
  "std_elevation": 318.9919742015908,
  "min_elevation": 3.10839319597505,
  "max_elevation": 1186.298370268753,
  "total_water_area_km2": 1588.7908238496232,
  "elevation_change": 388.5405505856735,
  "spatial_stats": {
    "longitude_range": [
      -121.7422543895764,
      -79.03418054005635
    ],
    "latitude_range": [
      25.097410144240538,
      44.8114225389276
    ],
    "centroid_lon": -102.03059018415584,
    "centroid_lat": 36.57836085768008
  },
  "quality_distribution": {
    "good": 30,
    "medium": 11,
    "poor": 7
  },
  "mean_uncertainty": 1.1754556371871618,
  "summary": "Tracked 30 water bodies (avg elevation: 349.7 m, total area: 1588.8 km\u00b2)",
  "analysis_date": "2025-12-24 19:21:14",
  "observation_count": 48
}