{
  "total_features": 48,
  "good_quality_features": 34,
  "mean_elevation": 281.77470552142637,
  "median_elevation": 207.61952369636793,
  "std_elevation": 286.5830957891146,
  "min_elevation": 0.06959304241639264,
  "max_elevation": 1170.1457023065718,
  "total_water_area_km2": 1769.3388640356816,
  "elevation_change": 372.2581211540354,
  "spatial_stats": {
    "longitude_range": [
      -121.58717713340549,
      -77.96277170868716
    ],
    "latitude_range": [
      25.20098520548957,
      44.8960142068525
    ],
    "centroid_lon": -99.2545789943103,
    "centroid_lat": 34.89175916922192
  },
  "quality_distribution": {
    "good": 34,
    "medium": 9,
    "poor": 5
  },
  "mean_uncertainty": 1.1942805850060774,
  "summary": "Tracked 34 water bodies (avg elevation: 281.8 m, total area: 1769.3 km\u00b2)",
  "analysis_date": "2026-04-03 14:04:21",
  "observation_count": 48
}