{
  "total_features": 48,
  "good_quality_features": 36,
  "mean_elevation": 239.46775334425215,
  "median_elevation": 182.5584180702362,
  "std_elevation": 223.2407875598383,
  "min_elevation": 0.08245198917951835,
  "max_elevation": 1117.1970780675483,
  "total_water_area_km2": 1567.0518316722403,
  "elevation_change": 292.5606180536974,
  "spatial_stats": {
    "longitude_range": [
      -120.75261732858391,
      -80.07892125564545
    ],
    "latitude_range": [
      25.429671007654722,
      48.42726624405143
    ],
    "centroid_lon": -97.57790891219653,
    "centroid_lat": 35.309244663296184
  },
  "quality_distribution": {
    "good": 36,
    "medium": 8,
    "poor": 4
  },
  "mean_uncertainty": 1.0903506719470164,
  "summary": "Tracked 36 water bodies (avg elevation: 239.5 m, total area: 1567.1 km\u00b2)",
  "analysis_date": "2025-10-26 13:28:16",
  "observation_count": 48
}