{
  "total_features": 48,
  "good_quality_features": 37,
  "mean_elevation": 281.4412385551175,
  "median_elevation": 183.06461309589363,
  "std_elevation": 272.65096931922284,
  "min_elevation": 1.582571338754295,
  "max_elevation": 1169.2083568722094,
  "total_water_area_km2": 2230.795955004609,
  "elevation_change": 353.62994991616563,
  "spatial_stats": {
    "longitude_range": [
      -120.24607451766119,
      -80.42351693354507
    ],
    "latitude_range": [
      27.123998512053458,
      47.594948903327094
    ],
    "centroid_lon": -98.21211882162719,
    "centroid_lat": 35.778228941662675
  },
  "quality_distribution": {
    "good": 37,
    "medium": 11
  },
  "mean_uncertainty": 1.0158166627904721,
  "summary": "Tracked 37 water bodies (avg elevation: 281.4 m, total area: 2230.8 km\u00b2)",
  "analysis_date": "2026-02-21 07:37:44",
  "observation_count": 48
}