{
  "total_features": 48,
  "good_quality_features": 28,
  "mean_elevation": 345.0230024453728,
  "median_elevation": 200.25554841046596,
  "std_elevation": 313.2888825503647,
  "min_elevation": 0.4678469370019278,
  "max_elevation": 1072.571346102291,
  "total_water_area_km2": 1584.68294134281,
  "elevation_change": 460.09611821298427,
  "spatial_stats": {
    "longitude_range": [
      -121.57120339264648,
      -80.14206559164771
    ],
    "latitude_range": [
      25.54908700327396,
      48.78115240871588
    ],
    "centroid_lon": -96.16397005820934,
    "centroid_lat": 36.654720504035204
  },
  "quality_distribution": {
    "good": 28,
    "medium": 16,
    "poor": 4
  },
  "mean_uncertainty": 1.232437705449492,
  "summary": "Tracked 28 water bodies (avg elevation: 345.0 m, total area: 1584.7 km\u00b2)",
  "analysis_date": "2026-04-09 09:10:04",
  "observation_count": 48
}