{
  "total_features": 48,
  "good_quality_features": 30,
  "mean_elevation": 226.230972654377,
  "median_elevation": 187.65449613964955,
  "std_elevation": 140.3832965864046,
  "min_elevation": 2.6003162750566746,
  "max_elevation": 635.2824715932454,
  "total_water_area_km2": 1393.2534035239073,
  "elevation_change": 208.11826617563003,
  "spatial_stats": {
    "longitude_range": [
      -121.49638238669831,
      -76.75855524441329
    ],
    "latitude_range": [
      25.58545366399252,
      48.513550806845515
    ],
    "centroid_lon": -96.22778267255795,
    "centroid_lat": 36.518949237216205
  },
  "quality_distribution": {
    "good": 30,
    "medium": 14,
    "poor": 4
  },
  "mean_uncertainty": 1.154218177563319,
  "summary": "Tracked 30 water bodies (avg elevation: 226.2 m, total area: 1393.3 km\u00b2)",
  "analysis_date": "2025-10-29 07:25:21",
  "observation_count": 48
}