{
  "total_features": 48,
  "good_quality_features": 38,
  "mean_elevation": 271.7087994386831,
  "median_elevation": 181.86480172815584,
  "std_elevation": 283.460533627929,
  "min_elevation": 0.07348902919974032,
  "max_elevation": 1168.5041048221228,
  "total_water_area_km2": 1691.9122609460082,
  "elevation_change": 339.3731270906102,
  "spatial_stats": {
    "longitude_range": [
      -121.48566336866152,
      -80.0392114656562
    ],
    "latitude_range": [
      25.054973229166816,
      48.80354012952377
    ],
    "centroid_lon": -97.28787503905387,
    "centroid_lat": 35.55654466144471
  },
  "quality_distribution": {
    "good": 38,
    "medium": 5,
    "poor": 5
  },
  "mean_uncertainty": 1.2644073764164903,
  "summary": "Tracked 38 water bodies (avg elevation: 271.7 m, total area: 1691.9 km\u00b2)",
  "analysis_date": "2026-05-09 09:20:36",
  "observation_count": 48
}