{
  "total_features": 48,
  "good_quality_features": 34,
  "mean_elevation": 209.7634777333054,
  "median_elevation": 175.38335724948865,
  "std_elevation": 216.47832947599343,
  "min_elevation": 0.03691867625407408,
  "max_elevation": 886.7302945101703,
  "total_water_area_km2": 1635.1781885219757,
  "elevation_change": 263.2870867141059,
  "spatial_stats": {
    "longitude_range": [
      -121.86834767141961,
      -78.3635515439966
    ],
    "latitude_range": [
      25.444537005796196,
      48.41105864377457
    ],
    "centroid_lon": -98.19075773541583,
    "centroid_lat": 36.34589766096327
  },
  "quality_distribution": {
    "good": 34,
    "medium": 10,
    "poor": 4
  },
  "mean_uncertainty": 0.84641169948462,
  "summary": "Tracked 34 water bodies (avg elevation: 209.8 m, total area: 1635.2 km\u00b2)",
  "analysis_date": "2026-03-18 14:23:52",
  "observation_count": 48
}