{
  "total_features": 48,
  "good_quality_features": 27,
  "mean_elevation": 274.3676952579036,
  "median_elevation": 211.59807648413644,
  "std_elevation": 282.3051553436253,
  "min_elevation": 3.853840108602501,
  "max_elevation": 1174.3146339062819,
  "total_water_area_km2": 1290.7333051326575,
  "elevation_change": 341.6615462205622,
  "spatial_stats": {
    "longitude_range": [
      -121.89764961311357,
      -77.09333315247771
    ],
    "latitude_range": [
      25.473749672792806,
      47.339940759612034
    ],
    "centroid_lon": -98.06170726406482,
    "centroid_lat": 35.82231967510435
  },
  "quality_distribution": {
    "good": 27,
    "medium": 18,
    "poor": 3
  },
  "mean_uncertainty": 1.046062725779605,
  "summary": "Tracked 27 water bodies (avg elevation: 274.4 m, total area: 1290.7 km\u00b2)",
  "analysis_date": "2026-03-30 14:42:24",
  "observation_count": 48
}