{
  "total_features": 48,
  "good_quality_features": 38,
  "mean_elevation": 257.5314712297092,
  "median_elevation": 182.254412715123,
  "std_elevation": 263.8828858747356,
  "min_elevation": 3.8018795902650426,
  "max_elevation": 1085.5374655428823,
  "total_water_area_km2": 1679.004157907984,
  "elevation_change": 330.5969166854794,
  "spatial_stats": {
    "longitude_range": [
      -121.8860245232092,
      -80.03358933734907
    ],
    "latitude_range": [
      25.729513926782918,
      48.19143498624655
    ],
    "centroid_lon": -96.41637469613062,
    "centroid_lat": 35.439088529408075
  },
  "quality_distribution": {
    "good": 38,
    "medium": 6,
    "poor": 4
  },
  "mean_uncertainty": 0.9347888649714837,
  "summary": "Tracked 38 water bodies (avg elevation: 257.5 m, total area: 1679.0 km\u00b2)",
  "analysis_date": "2026-02-11 07:57:59",
  "observation_count": 48
}