{
  "total_features": 48,
  "good_quality_features": 29,
  "mean_elevation": 225.39984297608007,
  "median_elevation": 178.59992913957242,
  "std_elevation": 239.51260701934936,
  "min_elevation": 1.5247349019765488,
  "max_elevation": 968.9952293873661,
  "total_water_area_km2": 1377.5693784415819,
  "elevation_change": 305.02487100885213,
  "spatial_stats": {
    "longitude_range": [
      -121.98616077661093,
      -79.63534963275346
    ],
    "latitude_range": [
      25.537150909828927,
      46.364425224063815
    ],
    "centroid_lon": -94.86224222128689,
    "centroid_lat": 35.4839902929807
  },
  "quality_distribution": {
    "good": 29,
    "medium": 10,
    "poor": 9
  },
  "mean_uncertainty": 1.200991101870528,
  "summary": "Tracked 29 water bodies (avg elevation: 225.4 m, total area: 1377.6 km\u00b2)",
  "analysis_date": "2026-06-07 05:45:27",
  "observation_count": 48
}