{
  "total_features": 48,
  "good_quality_features": 31,
  "mean_elevation": 250.6102486842046,
  "median_elevation": 183.96743067096003,
  "std_elevation": 253.61514625539152,
  "min_elevation": 0.8243884146694946,
  "max_elevation": 1151.9331456462592,
  "total_water_area_km2": 1461.7462017099654,
  "elevation_change": 334.20227819450383,
  "spatial_stats": {
    "longitude_range": [
      -121.68169872806489,
      -76.71967887246024
    ],
    "latitude_range": [
      25.001802671741117,
      45.63267480288579
    ],
    "centroid_lon": -98.0922945963704,
    "centroid_lat": 34.917005931018664
  },
  "quality_distribution": {
    "good": 31,
    "medium": 13,
    "poor": 4
  },
  "mean_uncertainty": 1.0681617252522968,
  "summary": "Tracked 31 water bodies (avg elevation: 250.6 m, total area: 1461.7 km\u00b2)",
  "analysis_date": "2026-04-11 15:35:45",
  "observation_count": 48
}