{
  "total_features": 48,
  "good_quality_features": 37,
  "mean_elevation": 253.19382065947548,
  "median_elevation": 183.41705207294555,
  "std_elevation": 235.9906272923961,
  "min_elevation": 1.8849254305530228,
  "max_elevation": 1125.4563181892622,
  "total_water_area_km2": 1819.7086814314964,
  "elevation_change": 299.80420510412824,
  "spatial_stats": {
    "longitude_range": [
      -121.40195491809503,
      -78.530831603935
    ],
    "latitude_range": [
      25.01950592878069,
      48.923692925570755
    ],
    "centroid_lon": -98.61781935811813,
    "centroid_lat": 35.62949025056745
  },
  "quality_distribution": {
    "good": 37,
    "poor": 6,
    "medium": 5
  },
  "mean_uncertainty": 1.0126407907429413,
  "summary": "Tracked 37 water bodies (avg elevation: 253.2 m, total area: 1819.7 km\u00b2)",
  "analysis_date": "2025-11-24 19:19:18",
  "observation_count": 48
}