{
  "total_features": 48,
  "good_quality_features": 38,
  "mean_elevation": 263.2222018079915,
  "median_elevation": 180.27636172166248,
  "std_elevation": 257.34431103642765,
  "min_elevation": 2.133059944078932,
  "max_elevation": 1179.1277767195963,
  "total_water_area_km2": 1881.8424825062023,
  "elevation_change": 333.50047209867216,
  "spatial_stats": {
    "longitude_range": [
      -121.58364165663717,
      -76.83144268848218
    ],
    "latitude_range": [
      25.334602982081133,
      47.865148201782475
    ],
    "centroid_lon": -99.46365830521044,
    "centroid_lat": 35.11263691354751
  },
  "quality_distribution": {
    "good": 38,
    "medium": 8,
    "poor": 2
  },
  "mean_uncertainty": 1.1862226224701622,
  "summary": "Tracked 38 water bodies (avg elevation: 263.2 m, total area: 1881.8 km\u00b2)",
  "analysis_date": "2025-12-08 13:39:21",
  "observation_count": 48
}