{
  "total_features": 48,
  "good_quality_features": 26,
  "mean_elevation": 268.575938049202,
  "median_elevation": 180.21208619191302,
  "std_elevation": 274.221023524834,
  "min_elevation": 2.961254414591248,
  "max_elevation": 1135.166641420025,
  "total_water_area_km2": 1645.9565892600467,
  "elevation_change": 317.62401286031866,
  "spatial_stats": {
    "longitude_range": [
      -121.59383109549019,
      -77.21543815080919
    ],
    "latitude_range": [
      26.89390638410108,
      46.18896639666081
    ],
    "centroid_lon": -97.53668034476051,
    "centroid_lat": 36.20040642157004
  },
  "quality_distribution": {
    "good": 26,
    "medium": 16,
    "poor": 6
  },
  "mean_uncertainty": 1.0441499933045795,
  "summary": "Tracked 26 water bodies (avg elevation: 268.6 m, total area: 1646.0 km\u00b2)",
  "analysis_date": "2025-12-14 19:20:59",
  "observation_count": 48
}