{
  "total_features": 48,
  "good_quality_features": 31,
  "mean_elevation": 230.273257279436,
  "median_elevation": 177.4497791087021,
  "std_elevation": 224.81610420431065,
  "min_elevation": 0.07084675205402902,
  "max_elevation": 916.2641347806485,
  "total_water_area_km2": 1401.4021564458192,
  "elevation_change": 273.76369065748236,
  "spatial_stats": {
    "longitude_range": [
      -121.838641177002,
      -79.29399837174472
    ],
    "latitude_range": [
      25.298226265817924,
      45.986833542943074
    ],
    "centroid_lon": -98.32305251152238,
    "centroid_lat": 35.52060821992963
  },
  "quality_distribution": {
    "good": 31,
    "medium": 10,
    "poor": 7
  },
  "mean_uncertainty": 0.9546381600993519,
  "summary": "Tracked 31 water bodies (avg elevation: 230.3 m, total area: 1401.4 km\u00b2)",
  "analysis_date": "2025-11-08 19:18:35",
  "observation_count": 48
}