{
  "total_features": 48,
  "good_quality_features": 36,
  "mean_elevation": 256.3320127340698,
  "median_elevation": 203.77475837679384,
  "std_elevation": 236.61569990857845,
  "min_elevation": 1.9821414052980868,
  "max_elevation": 1059.4201951944003,
  "total_water_area_km2": 1853.9143430709983,
  "elevation_change": 307.85315185028395,
  "spatial_stats": {
    "longitude_range": [
      -121.82752713784953,
      -76.17530631209507
    ],
    "latitude_range": [
      25.38528360292809,
      47.79199588675633
    ],
    "centroid_lon": -94.74475909217757,
    "centroid_lat": 36.003689991771516
  },
  "quality_distribution": {
    "good": 36,
    "medium": 11,
    "poor": 1
  },
  "mean_uncertainty": 0.958194004081114,
  "summary": "Tracked 36 water bodies (avg elevation: 256.3 m, total area: 1853.9 km\u00b2)",
  "analysis_date": "2025-12-16 13:42:33",
  "observation_count": 48
}