{
  "total_features": 48,
  "good_quality_features": 34,
  "mean_elevation": 297.4307927850365,
  "median_elevation": 181.75750375852925,
  "std_elevation": 287.1940450759077,
  "min_elevation": 0.47065218289789046,
  "max_elevation": 1026.4374360719385,
  "total_water_area_km2": 1907.7734509925942,
  "elevation_change": 378.8892928221872,
  "spatial_stats": {
    "longitude_range": [
      -121.60543888990212,
      -80.30966464079651
    ],
    "latitude_range": [
      25.425286707982355,
      46.92797321913933
    ],
    "centroid_lon": -100.48362884835633,
    "centroid_lat": 35.6263857849131
  },
  "quality_distribution": {
    "good": 34,
    "medium": 13,
    "poor": 1
  },
  "mean_uncertainty": 0.9784968244535497,
  "summary": "Tracked 34 water bodies (avg elevation: 297.4 m, total area: 1907.8 km\u00b2)",
  "analysis_date": "2026-01-16 03:01:44",
  "observation_count": 48
}