{
  "total_features": 48,
  "good_quality_features": 29,
  "mean_elevation": 238.01273428895527,
  "median_elevation": 192.76460491609762,
  "std_elevation": 188.4478493273709,
  "min_elevation": 2.3875393527315736,
  "max_elevation": 836.5407432308186,
  "total_water_area_km2": 1642.3934693411877,
  "elevation_change": 279.4510654858573,
  "spatial_stats": {
    "longitude_range": [
      -121.56268310071849,
      -80.2607677326168
    ],
    "latitude_range": [
      25.42034985310638,
      47.67374199939067
    ],
    "centroid_lon": -97.9203522272171,
    "centroid_lat": 35.19754117076913
  },
  "quality_distribution": {
    "good": 29,
    "medium": 15,
    "poor": 4
  },
  "mean_uncertainty": 0.9133696113465327,
  "summary": "Tracked 29 water bodies (avg elevation: 238.0 m, total area: 1642.4 km\u00b2)",
  "analysis_date": "2026-05-13 04:54:16",
  "observation_count": 48
}