{
  "total_features": 48,
  "good_quality_features": 32,
  "mean_elevation": 224.71918018039224,
  "median_elevation": 190.2349785617643,
  "std_elevation": 193.96360513108982,
  "min_elevation": 0.5879946149090587,
  "max_elevation": 1056.3875926696846,
  "total_water_area_km2": 1693.077887651994,
  "elevation_change": 237.21408610643783,
  "spatial_stats": {
    "longitude_range": [
      -121.59041057351023,
      -76.51682383909825
    ],
    "latitude_range": [
      25.547149309335015,
      46.60458656785406
    ],
    "centroid_lon": -98.98183027774942,
    "centroid_lat": 35.60546571489505
  },
  "quality_distribution": {
    "good": 32,
    "medium": 12,
    "poor": 4
  },
  "mean_uncertainty": 1.0938477253094954,
  "summary": "Tracked 32 water bodies (avg elevation: 224.7 m, total area: 1693.1 km\u00b2)",
  "analysis_date": "2026-05-10 07:29:54",
  "observation_count": 48
}