{
  "total_features": 48,
  "good_quality_features": 34,
  "mean_elevation": 215.5750473293831,
  "median_elevation": 201.27903915723334,
  "std_elevation": 182.8102833800781,
  "min_elevation": 0.7919814268609071,
  "max_elevation": 962.9035822557917,
  "total_water_area_km2": 1641.2611015433267,
  "elevation_change": 247.24274741386785,
  "spatial_stats": {
    "longitude_range": [
      -120.42419694127196,
      -76.39126391323161
    ],
    "latitude_range": [
      25.1433932782825,
      48.82904791297642
    ],
    "centroid_lon": -95.42142774664656,
    "centroid_lat": 35.30030211991191
  },
  "quality_distribution": {
    "good": 34,
    "medium": 10,
    "poor": 4
  },
  "mean_uncertainty": 1.0735111609010863,
  "summary": "Tracked 34 water bodies (avg elevation: 215.6 m, total area: 1641.3 km\u00b2)",
  "analysis_date": "2026-01-13 07:31:15",
  "observation_count": 48
}