{
  "total_features": 48,
  "good_quality_features": 38,
  "mean_elevation": 235.91321147162083,
  "median_elevation": 179.08534589739793,
  "std_elevation": 280.685001487525,
  "min_elevation": 0.10576916549126625,
  "max_elevation": 1181.060024807768,
  "total_water_area_km2": 2160.2480648494125,
  "elevation_change": 307.4285198146447,
  "spatial_stats": {
    "longitude_range": [
      -121.3828385324805,
      -76.13487368698952
    ],
    "latitude_range": [
      25.33099285792208,
      48.11191876513094
    ],
    "centroid_lon": -96.10140234225241,
    "centroid_lat": 35.62184538993884
  },
  "quality_distribution": {
    "good": 38,
    "poor": 6,
    "medium": 4
  },
  "mean_uncertainty": 1.0394524518009693,
  "summary": "Tracked 38 water bodies (avg elevation: 235.9 m, total area: 2160.2 km\u00b2)",
  "analysis_date": "2026-04-06 10:17:41",
  "observation_count": 48
}