{
  "total_features": 48,
  "good_quality_features": 33,
  "mean_elevation": 264.1755082826959,
  "median_elevation": 184.30388686092772,
  "std_elevation": 243.5329279288399,
  "min_elevation": 0.5749460908664339,
  "max_elevation": 1129.8292622663155,
  "total_water_area_km2": 1569.610531836632,
  "elevation_change": 318.0624931168777,
  "spatial_stats": {
    "longitude_range": [
      -120.86291901348743,
      -77.6230630678246
    ],
    "latitude_range": [
      25.29741233892587,
      46.19556192185411
    ],
    "centroid_lon": -97.8097673370487,
    "centroid_lat": 34.92866817682351
  },
  "quality_distribution": {
    "good": 33,
    "medium": 12,
    "poor": 3
  },
  "mean_uncertainty": 0.9502578491812427,
  "summary": "Tracked 33 water bodies (avg elevation: 264.2 m, total area: 1569.6 km\u00b2)",
  "analysis_date": "2026-06-14 15:11:35",
  "observation_count": 48
}