{
  "total_features": 48,
  "good_quality_features": 29,
  "mean_elevation": 173.9920305388993,
  "median_elevation": 133.19295523672582,
  "std_elevation": 214.7048293744462,
  "min_elevation": 1.17484966803024,
  "max_elevation": 1090.0407279045226,
  "total_water_area_km2": 1597.4182121820975,
  "elevation_change": 247.59707065392428,
  "spatial_stats": {
    "longitude_range": [
      -120.92205618598761,
      -80.20314694860554
    ],
    "latitude_range": [
      25.47645587128761,
      46.6167837914213
    ],
    "centroid_lon": -94.78145532411642,
    "centroid_lat": 34.335580597010974
  },
  "quality_distribution": {
    "good": 29,
    "medium": 10,
    "poor": 9
  },
  "mean_uncertainty": 0.8905020588755428,
  "summary": "Tracked 29 water bodies (avg elevation: 174.0 m, total area: 1597.4 km\u00b2)",
  "analysis_date": "2025-11-14 07:25:22",
  "observation_count": 48
}