{
  "total_features": 48,
  "good_quality_features": 32,
  "mean_elevation": 343.86182193846054,
  "median_elevation": 239.35905138174115,
  "std_elevation": 268.8574819838734,
  "min_elevation": 1.3668794896214054,
  "max_elevation": 1065.2514092059196,
  "total_water_area_km2": 1755.698166917342,
  "elevation_change": 379.13821114965396,
  "spatial_stats": {
    "longitude_range": [
      -121.02570318581901,
      -80.555742852177
    ],
    "latitude_range": [
      25.0548522689837,
      48.77062957908029
    ],
    "centroid_lon": -101.70644323535143,
    "centroid_lat": 36.77310328059366
  },
  "quality_distribution": {
    "good": 32,
    "medium": 12,
    "poor": 4
  },
  "mean_uncertainty": 1.147615492403107,
  "summary": "Tracked 32 water bodies (avg elevation: 343.9 m, total area: 1755.7 km\u00b2)",
  "analysis_date": "2026-07-03 08:16:12",
  "observation_count": 48
}