{
  "total_features": 48,
  "good_quality_features": 35,
  "mean_elevation": 227.20097730946665,
  "median_elevation": 183.28000927816552,
  "std_elevation": 167.44411942296924,
  "min_elevation": 0.23473159728964466,
  "max_elevation": 671.1601573953758,
  "total_water_area_km2": 1634.0695488613542,
  "elevation_change": 257.7715778550443,
  "spatial_stats": {
    "longitude_range": [
      -121.47713701466621,
      -79.64969608256459
    ],
    "latitude_range": [
      25.060752533632822,
      48.27342750393992
    ],
    "centroid_lon": -98.03874259742955,
    "centroid_lat": 35.75591157474599
  },
  "quality_distribution": {
    "good": 35,
    "medium": 7,
    "poor": 6
  },
  "mean_uncertainty": 1.1668269085409408,
  "summary": "Tracked 35 water bodies (avg elevation: 227.2 m, total area: 1634.1 km\u00b2)",
  "analysis_date": "2026-07-15 10:57:30",
  "observation_count": 48
}