{
  "total_features": 48,
  "good_quality_features": 38,
  "mean_elevation": 271.0748645591949,
  "median_elevation": 185.8643481469933,
  "std_elevation": 233.12752175477567,
  "min_elevation": 0.9538292646105839,
  "max_elevation": 963.9189023130871,
  "total_water_area_km2": 1907.418158226918,
  "elevation_change": 319.5755425262376,
  "spatial_stats": {
    "longitude_range": [
      -120.83017089640697,
      -76.0918912372399
    ],
    "latitude_range": [
      25.409760360309633,
      48.70386910763268
    ],
    "centroid_lon": -98.69739109787162,
    "centroid_lat": 35.41421738945897
  },
  "quality_distribution": {
    "good": 38,
    "medium": 8,
    "poor": 2
  },
  "mean_uncertainty": 0.9071373665893958,
  "summary": "Tracked 38 water bodies (avg elevation: 271.1 m, total area: 1907.4 km\u00b2)",
  "analysis_date": "2025-11-30 07:23:19",
  "observation_count": 48
}