{
  "total_features": 50,
  "good_quality_features": 34,
  "mean_elevation": 271.43455535495303,
  "median_elevation": 305.16009934665544,
  "std_elevation": 138.38995148261805,
  "min_elevation": 3.6023062021987573,
  "max_elevation": 483.9121273344419,
  "total_water_area_km2": 1508.7114271443777,
  "elevation_change": 216.64693588992907,
  "spatial_stats": {
    "longitude_range": [
      -124.64165231315852,
      -66.28192358909823
    ],
    "latitude_range": [
      26.087946977639913,
      49.954403667295125
    ],
    "centroid_lon": -94.15084319181217,
    "centroid_lat": 37.75555549395425
  },
  "quality_distribution": {
    "good": 34,
    "medium": 10,
    "poor": 6
  },
  "mean_uncertainty": 1.2560206432496346,
  "summary": "Tracked 34 water bodies (avg elevation: 271.4 m, total area: 1508.7 km\u00b2)",
  "analysis_date": "2025-10-20 13:53:05",
  "observation_count": 50
}