{
  "total_features": 48,
  "good_quality_features": 30,
  "mean_elevation": 195.33891904900423,
  "median_elevation": 168.2886194073466,
  "std_elevation": 219.07211977021984,
  "min_elevation": 0.32556449086897143,
  "max_elevation": 988.8151864120856,
  "total_water_area_km2": 1416.4599249052192,
  "elevation_change": 287.16072645919644,
  "spatial_stats": {
    "longitude_range": [
      -120.39485321886484,
      -76.31804927953573
    ],
    "latitude_range": [
      25.233296745901377,
      47.24573074502807
    ],
    "centroid_lon": -93.32152324862354,
    "centroid_lat": 34.600357517915356
  },
  "quality_distribution": {
    "good": 30,
    "medium": 13,
    "poor": 5
  },
  "mean_uncertainty": 0.9701081322201407,
  "summary": "Tracked 30 water bodies (avg elevation: 195.3 m, total area: 1416.5 km\u00b2)",
  "analysis_date": "2026-06-19 16:10:59",
  "observation_count": 48
}