{
  "total_features": 48,
  "good_quality_features": 32,
  "mean_elevation": 274.8369872024057,
  "median_elevation": 181.59603743280957,
  "std_elevation": 246.0780138177189,
  "min_elevation": 3.5628059120396793,
  "max_elevation": 903.6457680210049,
  "total_water_area_km2": 1602.8110340051844,
  "elevation_change": 336.3604496161059,
  "spatial_stats": {
    "longitude_range": [
      -121.27201509759928,
      -76.00083540639379
    ],
    "latitude_range": [
      25.37606631966645,
      48.15459922038435
    ],
    "centroid_lon": -98.8933010576267,
    "centroid_lat": 35.866290198167434
  },
  "quality_distribution": {
    "good": 32,
    "medium": 11,
    "poor": 5
  },
  "mean_uncertainty": 1.207803197888665,
  "summary": "Tracked 32 water bodies (avg elevation: 274.8 m, total area: 1602.8 km\u00b2)",
  "analysis_date": "2026-04-15 14:49:05",
  "observation_count": 48
}