{
  "total_features": 48,
  "good_quality_features": 34,
  "mean_elevation": 216.6466742524823,
  "median_elevation": 177.80868366900438,
  "std_elevation": 201.3749830549223,
  "min_elevation": 2.238528054031815,
  "max_elevation": 912.7248517289846,
  "total_water_area_km2": 1706.5752161774776,
  "elevation_change": 248.432841043685,
  "spatial_stats": {
    "longitude_range": [
      -121.84234122998417,
      -77.81527913304818
    ],
    "latitude_range": [
      25.565913234099185,
      48.287817883416906
    ],
    "centroid_lon": -95.49745325871186,
    "centroid_lat": 36.66105189342354
  },
  "quality_distribution": {
    "good": 34,
    "medium": 9,
    "poor": 5
  },
  "mean_uncertainty": 1.0797034011385933,
  "summary": "Tracked 34 water bodies (avg elevation: 216.6 m, total area: 1706.6 km\u00b2)",
  "analysis_date": "2025-12-17 07:28:53",
  "observation_count": 48
}