{
  "total_features": 48,
  "good_quality_features": 25,
  "mean_elevation": 261.48467411567805,
  "median_elevation": 190.1135345184247,
  "std_elevation": 253.04637244516869,
  "min_elevation": 0.4164700668728516,
  "max_elevation": 1006.7046759761143,
  "total_water_area_km2": 1299.890014184998,
  "elevation_change": 320.0678358082412,
  "spatial_stats": {
    "longitude_range": [
      -121.65290027890639,
      -79.0257302485905
    ],
    "latitude_range": [
      26.151275513326052,
      46.24306244761114
    ],
    "centroid_lon": -100.05006398620439,
    "centroid_lat": 36.31868257514994
  },
  "quality_distribution": {
    "good": 25,
    "medium": 14,
    "poor": 9
  },
  "mean_uncertainty": 1.0702490426645281,
  "summary": "Tracked 25 water bodies (avg elevation: 261.5 m, total area: 1299.9 km\u00b2)",
  "analysis_date": "2026-05-28 23:18:23",
  "observation_count": 48
}