{
  "total_features": 48,
  "good_quality_features": 38,
  "mean_elevation": 290.7372373807652,
  "median_elevation": 187.45778212297088,
  "std_elevation": 254.81162685457343,
  "min_elevation": 1.1006638652220824,
  "max_elevation": 1147.6020593424864,
  "total_water_area_km2": 1867.682681804869,
  "elevation_change": 318.6973606260889,
  "spatial_stats": {
    "longitude_range": [
      -120.8565068206513,
      -77.37704091009824
    ],
    "latitude_range": [
      25.49516110150656,
      48.37527164616716
    ],
    "centroid_lon": -97.93614870035233,
    "centroid_lat": 36.77363326529343
  },
  "quality_distribution": {
    "good": 38,
    "medium": 6,
    "poor": 4
  },
  "mean_uncertainty": 0.953901919188572,
  "summary": "Tracked 38 water bodies (avg elevation: 290.7 m, total area: 1867.7 km\u00b2)",
  "analysis_date": "2026-02-25 14:12:12",
  "observation_count": 48
}