{
  "total_features": 48,
  "good_quality_features": 34,
  "mean_elevation": 229.36581483039458,
  "median_elevation": 185.93181470806692,
  "std_elevation": 182.16641734467606,
  "min_elevation": 1.8642256949658698,
  "max_elevation": 910.493047030813,
  "total_water_area_km2": 1437.4686267987483,
  "elevation_change": 236.32657306883908,
  "spatial_stats": {
    "longitude_range": [
      -121.23332263990486,
      -76.20288195941254
    ],
    "latitude_range": [
      26.018375686870414,
      48.485451101548065
    ],
    "centroid_lon": -97.18719289210877,
    "centroid_lat": 34.845385655688844
  },
  "quality_distribution": {
    "good": 34,
    "medium": 10,
    "poor": 4
  },
  "mean_uncertainty": 1.0664157962129746,
  "summary": "Tracked 34 water bodies (avg elevation: 229.4 m, total area: 1437.5 km\u00b2)",
  "analysis_date": "2025-12-31 02:57:42",
  "observation_count": 48
}