{
  "total_features": 48,
  "good_quality_features": 33,
  "mean_elevation": 293.42291127773444,
  "median_elevation": 212.73632271360364,
  "std_elevation": 273.2582128001408,
  "min_elevation": 0.8629635265872171,
  "max_elevation": 1034.2085732572518,
  "total_water_area_km2": 1660.2984043733095,
  "elevation_change": 377.10344891510135,
  "spatial_stats": {
    "longitude_range": [
      -121.90966149106328,
      -80.18581970208857
    ],
    "latitude_range": [
      25.06388127720224,
      47.84945638876499
    ],
    "centroid_lon": -99.2620695005637,
    "centroid_lat": 35.51139541923137
  },
  "quality_distribution": {
    "good": 33,
    "medium": 10,
    "poor": 5
  },
  "mean_uncertainty": 1.2294648941084452,
  "summary": "Tracked 33 water bodies (avg elevation: 293.4 m, total area: 1660.3 km\u00b2)",
  "analysis_date": "2026-05-09 15:54:05",
  "observation_count": 48
}