{
  "total_features": 48,
  "good_quality_features": 24,
  "mean_elevation": 249.58521873995642,
  "median_elevation": 179.31043345133003,
  "std_elevation": 200.85115681587692,
  "min_elevation": 1.6570632257551887,
  "max_elevation": 875.6378754539326,
  "total_water_area_km2": 1278.8439217391742,
  "elevation_change": 271.69821149156985,
  "spatial_stats": {
    "longitude_range": [
      -121.69278781792089,
      -80.5181738886064
    ],
    "latitude_range": [
      26.094977469803144,
      48.36371810530264
    ],
    "centroid_lon": -98.96526105031528,
    "centroid_lat": 36.2849801034711
  },
  "quality_distribution": {
    "good": 24,
    "medium": 16,
    "poor": 8
  },
  "mean_uncertainty": 0.9446350549681468,
  "summary": "Tracked 24 water bodies (avg elevation: 249.6 m, total area: 1278.8 km\u00b2)",
  "analysis_date": "2025-11-25 02:47:39",
  "observation_count": 48
}