{
  "total_features": 48,
  "good_quality_features": 31,
  "mean_elevation": 265.88546042198436,
  "median_elevation": 211.87661022704725,
  "std_elevation": 192.4359563061064,
  "min_elevation": 0.4439767267224104,
  "max_elevation": 766.3557618813624,
  "total_water_area_km2": 1412.4950171152207,
  "elevation_change": 304.7287821517545,
  "spatial_stats": {
    "longitude_range": [
      -121.92576854101901,
      -78.61725052927824
    ],
    "latitude_range": [
      25.129091832603834,
      47.56945630850807
    ],
    "centroid_lon": -98.5616819012213,
    "centroid_lat": 35.85812007789487
  },
  "quality_distribution": {
    "good": 31,
    "medium": 12,
    "poor": 5
  },
  "mean_uncertainty": 1.0466192360247197,
  "summary": "Tracked 31 water bodies (avg elevation: 265.9 m, total area: 1412.5 km\u00b2)",
  "analysis_date": "2026-05-04 18:22:44",
  "observation_count": 48
}