{
  "total_features": 48,
  "good_quality_features": 34,
  "mean_elevation": 266.515555568968,
  "median_elevation": 183.01225180424365,
  "std_elevation": 235.54056450205474,
  "min_elevation": 0.20679301126977578,
  "max_elevation": 828.5622563819317,
  "total_water_area_km2": 1892.743936785808,
  "elevation_change": 349.4355835361746,
  "spatial_stats": {
    "longitude_range": [
      -121.49887238912146,
      -77.43658188635433
    ],
    "latitude_range": [
      25.034332351079637,
      44.68946793297552
    ],
    "centroid_lon": -96.89711132973525,
    "centroid_lat": 35.175259270061154
  },
  "quality_distribution": {
    "good": 34,
    "medium": 8,
    "poor": 6
  },
  "mean_uncertainty": 1.0616634184248146,
  "summary": "Tracked 34 water bodies (avg elevation: 266.5 m, total area: 1892.7 km\u00b2)",
  "analysis_date": "2026-04-29 11:02:27",
  "observation_count": 48
}