{
  "total_features": 48,
  "good_quality_features": 36,
  "mean_elevation": 278.2863412173901,
  "median_elevation": 220.95424358636384,
  "std_elevation": 223.125411160479,
  "min_elevation": 3.7583309197552115,
  "max_elevation": 938.6833796927029,
  "total_water_area_km2": 2022.6060959002468,
  "elevation_change": 315.42326822844103,
  "spatial_stats": {
    "longitude_range": [
      -120.72169862047511,
      -76.69061172345988
    ],
    "latitude_range": [
      25.004742432771614,
      48.56161509678664
    ],
    "centroid_lon": -97.01633101728129,
    "centroid_lat": 36.36822599989329
  },
  "quality_distribution": {
    "good": 36,
    "medium": 10,
    "poor": 2
  },
  "mean_uncertainty": 1.1671159216781712,
  "summary": "Tracked 36 water bodies (avg elevation: 278.3 m, total area: 2022.6 km\u00b2)",
  "analysis_date": "2026-06-03 13:22:14",
  "observation_count": 48
}