{
  "total_features": 48,
  "good_quality_features": 37,
  "mean_elevation": 256.35938644821135,
  "median_elevation": 213.14434072487703,
  "std_elevation": 215.0500250215979,
  "min_elevation": 0.418273631772329,
  "max_elevation": 984.7132748020744,
  "total_water_area_km2": 1691.1228616369767,
  "elevation_change": 305.8228738170453,
  "spatial_stats": {
    "longitude_range": [
      -120.96839765563698,
      -76.95124474088425
    ],
    "latitude_range": [
      25.18688311474962,
      46.16347686501185
    ],
    "centroid_lon": -95.64147214022624,
    "centroid_lat": 35.65589533206814
  },
  "quality_distribution": {
    "good": 37,
    "medium": 8,
    "poor": 3
  },
  "mean_uncertainty": 1.0361409684401957,
  "summary": "Tracked 37 water bodies (avg elevation: 256.4 m, total area: 1691.1 km\u00b2)",
  "analysis_date": "2026-02-12 03:46:09",
  "observation_count": 48
}