{
  "total_features": 48,
  "good_quality_features": 29,
  "mean_elevation": 279.30231808392875,
  "median_elevation": 203.37225929623392,
  "std_elevation": 303.00666599324563,
  "min_elevation": 2.489407844428805,
  "max_elevation": 1095.5528995854609,
  "total_water_area_km2": 1647.9317135828483,
  "elevation_change": 411.9959715769782,
  "spatial_stats": {
    "longitude_range": [
      -121.51530373058249,
      -79.64570934757992
    ],
    "latitude_range": [
      25.341290998394896,
      46.590568390493985
    ],
    "centroid_lon": -97.62648976387099,
    "centroid_lat": 34.48400528996791
  },
  "quality_distribution": {
    "good": 29,
    "medium": 13,
    "poor": 6
  },
  "mean_uncertainty": 0.8591397600928734,
  "summary": "Tracked 29 water bodies (avg elevation: 279.3 m, total area: 1647.9 km\u00b2)",
  "analysis_date": "2025-11-09 02:46:14",
  "observation_count": 48
}