{
  "total_features": 48,
  "good_quality_features": 36,
  "mean_elevation": 278.71772437183813,
  "median_elevation": 220.0779103685146,
  "std_elevation": 235.43569958584342,
  "min_elevation": 2.7741203875710188,
  "max_elevation": 861.9899191245053,
  "total_water_area_km2": 1950.9099863551805,
  "elevation_change": 322.14917725680215,
  "spatial_stats": {
    "longitude_range": [
      -121.83881055061916,
      -80.25443920754356
    ],
    "latitude_range": [
      25.18346281473172,
      48.551553593541406
    ],
    "centroid_lon": -97.96695455101553,
    "centroid_lat": 35.69477113582762
  },
  "quality_distribution": {
    "good": 36,
    "medium": 7,
    "poor": 5
  },
  "mean_uncertainty": 1.041085442948385,
  "summary": "Tracked 36 water bodies (avg elevation: 278.7 m, total area: 1950.9 km\u00b2)",
  "analysis_date": "2026-05-04 15:14:28",
  "observation_count": 48
}