{
  "total_features": 48,
  "good_quality_features": 31,
  "mean_elevation": 275.4184482419369,
  "median_elevation": 200.88522631884615,
  "std_elevation": 281.6776709569078,
  "min_elevation": 0.23170893954072014,
  "max_elevation": 1159.8409055402858,
  "total_water_area_km2": 1451.108017579121,
  "elevation_change": 333.5586460564101,
  "spatial_stats": {
    "longitude_range": [
      -120.60283569393142,
      -76.2223302807936
    ],
    "latitude_range": [
      25.815861531320937,
      47.25844245376649
    ],
    "centroid_lon": -97.43507957887894,
    "centroid_lat": 35.8389713582589
  },
  "quality_distribution": {
    "good": 31,
    "medium": 11,
    "poor": 6
  },
  "mean_uncertainty": 1.1301991820122126,
  "summary": "Tracked 31 water bodies (avg elevation: 275.4 m, total area: 1451.1 km\u00b2)",
  "analysis_date": "2026-04-09 19:09:22",
  "observation_count": 48
}