{
  "total_features": 48,
  "good_quality_features": 31,
  "mean_elevation": 248.46071320421956,
  "median_elevation": 179.39877221932434,
  "std_elevation": 273.60430948120785,
  "min_elevation": 0.6747798093221735,
  "max_elevation": 1171.6690374569093,
  "total_water_area_km2": 1721.2352135421681,
  "elevation_change": 331.83573547812114,
  "spatial_stats": {
    "longitude_range": [
      -121.88564892403197,
      -76.81693902230657
    ],
    "latitude_range": [
      26.7561541897815,
      45.82728122571018
    ],
    "centroid_lon": -97.01885807915752,
    "centroid_lat": 35.53270299588708
  },
  "quality_distribution": {
    "good": 31,
    "medium": 15,
    "poor": 2
  },
  "mean_uncertainty": 0.9430920435269781,
  "summary": "Tracked 31 water bodies (avg elevation: 248.5 m, total area: 1721.2 km\u00b2)",
  "analysis_date": "2026-02-08 13:50:29",
  "observation_count": 48
}