{
  "total_features": 48,
  "good_quality_features": 32,
  "mean_elevation": 266.5436993008045,
  "median_elevation": 182.52421222536879,
  "std_elevation": 279.44986579406054,
  "min_elevation": 2.578931781473549,
  "max_elevation": 1191.865505328854,
  "total_water_area_km2": 1780.7049650463453,
  "elevation_change": 351.8569161510112,
  "spatial_stats": {
    "longitude_range": [
      -120.80358725974757,
      -78.84913324758894
    ],
    "latitude_range": [
      26.01721407111994,
      48.682517217985584
    ],
    "centroid_lon": -95.12722385864197,
    "centroid_lat": 35.3499132471855
  },
  "quality_distribution": {
    "good": 32,
    "medium": 10,
    "poor": 6
  },
  "mean_uncertainty": 1.0223819527353177,
  "summary": "Tracked 32 water bodies (avg elevation: 266.5 m, total area: 1780.7 km\u00b2)",
  "analysis_date": "2026-01-31 07:35:28",
  "observation_count": 48
}