{
  "total_features": 48,
  "good_quality_features": 32,
  "mean_elevation": 223.04607984349448,
  "median_elevation": 178.99256628275072,
  "std_elevation": 223.0833114898209,
  "min_elevation": 1.4606948996100289,
  "max_elevation": 1087.813752794174,
  "total_water_area_km2": 1424.0423589740453,
  "elevation_change": 274.5731505596566,
  "spatial_stats": {
    "longitude_range": [
      -120.37059445325036,
      -77.10337490119956
    ],
    "latitude_range": [
      25.389836655137874,
      44.67271910707905
    ],
    "centroid_lon": -98.50459308212186,
    "centroid_lat": 35.039335418933845
  },
  "quality_distribution": {
    "good": 32,
    "medium": 10,
    "poor": 6
  },
  "mean_uncertainty": 1.0980935705702024,
  "summary": "Tracked 32 water bodies (avg elevation: 223.0 m, total area: 1424.0 km\u00b2)",
  "analysis_date": "2025-12-17 19:24:57",
  "observation_count": 48
}