{
  "total_features": 48,
  "good_quality_features": 31,
  "mean_elevation": 208.2854781268887,
  "median_elevation": 177.07524324518212,
  "std_elevation": 204.39865313453018,
  "min_elevation": 0.04804726216301236,
  "max_elevation": 928.1313761248769,
  "total_water_area_km2": 1625.4126784155392,
  "elevation_change": 264.2222141647328,
  "spatial_stats": {
    "longitude_range": [
      -121.49117485423707,
      -78.11637544094413
    ],
    "latitude_range": [
      25.214372313045363,
      47.59700972453564
    ],
    "centroid_lon": -95.63072967808162,
    "centroid_lat": 36.074438368487094
  },
  "quality_distribution": {
    "good": 31,
    "medium": 11,
    "poor": 6
  },
  "mean_uncertainty": 1.0563896370716972,
  "summary": "Tracked 31 water bodies (avg elevation: 208.3 m, total area: 1625.4 km\u00b2)",
  "analysis_date": "2025-11-17 02:47:38",
  "observation_count": 48
}