{
  "total_features": 48,
  "good_quality_features": 35,
  "mean_elevation": 227.63123453824352,
  "median_elevation": 183.8727129011153,
  "std_elevation": 168.18108838659546,
  "min_elevation": 1.1238862928183424,
  "max_elevation": 728.5001134537382,
  "total_water_area_km2": 1767.5978228877054,
  "elevation_change": 252.33658991452413,
  "spatial_stats": {
    "longitude_range": [
      -120.6140506110122,
      -76.13582702358741
    ],
    "latitude_range": [
      25.028176796971113,
      47.94576401263702
    ],
    "centroid_lon": -97.16962973051413,
    "centroid_lat": 35.638555996342795
  },
  "quality_distribution": {
    "good": 35,
    "medium": 7,
    "poor": 6
  },
  "mean_uncertainty": 0.981684669910915,
  "summary": "Tracked 35 water bodies (avg elevation: 227.6 m, total area: 1767.6 km\u00b2)",
  "analysis_date": "2026-05-17 22:01:03",
  "observation_count": 48
}