{
  "total_features": 48,
  "good_quality_features": 36,
  "mean_elevation": 257.94286543289684,
  "median_elevation": 183.10523145479323,
  "std_elevation": 274.178928571926,
  "min_elevation": 0.5139099421096871,
  "max_elevation": 1184.668191112557,
  "total_water_area_km2": 1624.2823164766016,
  "elevation_change": 335.28344424975967,
  "spatial_stats": {
    "longitude_range": [
      -121.42640557035953,
      -79.346388642031
    ],
    "latitude_range": [
      25.064292533974978,
      48.39679101765769
    ],
    "centroid_lon": -95.78635655259579,
    "centroid_lat": 35.7122745228519
  },
  "quality_distribution": {
    "good": 36,
    "medium": 8,
    "poor": 4
  },
  "mean_uncertainty": 1.0930872376700864,
  "summary": "Tracked 36 water bodies (avg elevation: 257.9 m, total area: 1624.3 km\u00b2)",
  "analysis_date": "2026-03-08 07:36:09",
  "observation_count": 48
}