{
  "total_features": 48,
  "good_quality_features": 34,
  "mean_elevation": 216.87094355919885,
  "median_elevation": 182.67182495768668,
  "std_elevation": 196.8727141349702,
  "min_elevation": 0.23075823551550578,
  "max_elevation": 921.3378992501197,
  "total_water_area_km2": 1778.5917486085054,
  "elevation_change": 260.3882963623365,
  "spatial_stats": {
    "longitude_range": [
      -121.41267316574219,
      -76.81059509359991
    ],
    "latitude_range": [
      25.347516838021733,
      46.17396435364047
    ],
    "centroid_lon": -96.12035497407832,
    "centroid_lat": 35.01016556324274
  },
  "quality_distribution": {
    "good": 34,
    "medium": 12,
    "poor": 2
  },
  "mean_uncertainty": 0.9461818508239529,
  "summary": "Tracked 34 water bodies (avg elevation: 216.9 m, total area: 1778.6 km\u00b2)",
  "analysis_date": "2025-10-30 07:24:11",
  "observation_count": 48
}