{
  "total_features": 48,
  "good_quality_features": 37,
  "mean_elevation": 263.3930458493109,
  "median_elevation": 180.14988132844118,
  "std_elevation": 263.0703963560888,
  "min_elevation": 0.21571995400741617,
  "max_elevation": 996.1167341482849,
  "total_water_area_km2": 1621.1113004256645,
  "elevation_change": 344.9713934615428,
  "spatial_stats": {
    "longitude_range": [
      -121.56070488528775,
      -79.66817552752605
    ],
    "latitude_range": [
      25.126931656148514,
      48.5857870173462
    ],
    "centroid_lon": -98.74419474844554,
    "centroid_lat": 36.175544104893554
  },
  "quality_distribution": {
    "good": 37,
    "medium": 8,
    "poor": 3
  },
  "mean_uncertainty": 1.0683491242539307,
  "summary": "Tracked 37 water bodies (avg elevation: 263.4 m, total area: 1621.1 km\u00b2)",
  "analysis_date": "2025-12-01 07:29:05",
  "observation_count": 48
}