{
  "total_features": 48,
  "good_quality_features": 32,
  "mean_elevation": 265.9163179912757,
  "median_elevation": 186.26357082826584,
  "std_elevation": 265.0155938349187,
  "min_elevation": 2.293732179197373,
  "max_elevation": 1191.249562832724,
  "total_water_area_km2": 1678.306145884928,
  "elevation_change": 290.72986755422494,
  "spatial_stats": {
    "longitude_range": [
      -120.43470018597712,
      -76.92940184544102
    ],
    "latitude_range": [
      25.701322294301022,
      48.22956268697974
    ],
    "centroid_lon": -97.71756394661341,
    "centroid_lat": 35.9891225202591
  },
  "quality_distribution": {
    "good": 32,
    "medium": 11,
    "poor": 5
  },
  "mean_uncertainty": 1.0038970380712122,
  "summary": "Tracked 32 water bodies (avg elevation: 265.9 m, total area: 1678.3 km\u00b2)",
  "analysis_date": "2025-12-24 07:29:35",
  "observation_count": 48
}