{
  "total_features": 48,
  "good_quality_features": 35,
  "mean_elevation": 265.0007360284993,
  "median_elevation": 179.78438684592388,
  "std_elevation": 284.00237762242136,
  "min_elevation": 0.09806003524947315,
  "max_elevation": 1188.005382490524,
  "total_water_area_km2": 1784.199477285722,
  "elevation_change": 311.2583732897885,
  "spatial_stats": {
    "longitude_range": [
      -121.66846735203973,
      -77.44044913233539
    ],
    "latitude_range": [
      25.66555560318569,
      48.45122015551452
    ],
    "centroid_lon": -95.39763082073453,
    "centroid_lat": 36.398350796030236
  },
  "quality_distribution": {
    "good": 35,
    "medium": 9,
    "poor": 4
  },
  "mean_uncertainty": 1.1349854368094745,
  "summary": "Tracked 35 water bodies (avg elevation: 265.0 m, total area: 1784.2 km\u00b2)",
  "analysis_date": "2025-12-13 07:27:23",
  "observation_count": 48
}