{
  "total_features": 48,
  "good_quality_features": 30,
  "mean_elevation": 232.23424639800734,
  "median_elevation": 182.86019407221312,
  "std_elevation": 204.93535642932585,
  "min_elevation": 1.715755784301538,
  "max_elevation": 933.4437012792555,
  "total_water_area_km2": 1501.2488655130737,
  "elevation_change": 259.2073707410435,
  "spatial_stats": {
    "longitude_range": [
      -120.63700453309816,
      -78.9119727470716
    ],
    "latitude_range": [
      25.63224363810079,
      48.97405532915979
    ],
    "centroid_lon": -95.65343078352102,
    "centroid_lat": 36.78231012321747
  },
  "quality_distribution": {
    "good": 30,
    "medium": 12,
    "poor": 6
  },
  "mean_uncertainty": 0.9776058615842982,
  "summary": "Tracked 30 water bodies (avg elevation: 232.2 m, total area: 1501.2 km\u00b2)",
  "analysis_date": "2026-03-10 14:03:45",
  "observation_count": 48
}