{
  "total_features": 48,
  "good_quality_features": 35,
  "mean_elevation": 324.32863195513283,
  "median_elevation": 189.10031414505673,
  "std_elevation": 348.19352253421334,
  "min_elevation": 3.509695082680906,
  "max_elevation": 1193.1709883916783,
  "total_water_area_km2": 1928.4472952907972,
  "elevation_change": 469.01924504796295,
  "spatial_stats": {
    "longitude_range": [
      -121.91390519594025,
      -80.14117206030527
    ],
    "latitude_range": [
      25.13324423262795,
      42.74968093801866
    ],
    "centroid_lon": -98.68762256906226,
    "centroid_lat": 33.576887028787525
  },
  "quality_distribution": {
    "good": 35,
    "medium": 13
  },
  "mean_uncertainty": 1.117213682382265,
  "summary": "Tracked 35 water bodies (avg elevation: 324.3 m, total area: 1928.4 km\u00b2)",
  "analysis_date": "2026-04-11 18:47:51",
  "observation_count": 48
}