{
  "total_features": 48,
  "good_quality_features": 33,
  "mean_elevation": 316.3782187101541,
  "median_elevation": 215.33599612274938,
  "std_elevation": 289.03671291795536,
  "min_elevation": 4.874369417517803,
  "max_elevation": 1178.8591318321846,
  "total_water_area_km2": 2007.3057702542224,
  "elevation_change": 405.60841634959866,
  "spatial_stats": {
    "longitude_range": [
      -121.16442130173438,
      -80.12770415722106
    ],
    "latitude_range": [
      26.25989304285693,
      48.21377516795711
    ],
    "centroid_lon": -100.21047843790593,
    "centroid_lat": 35.77356099345407
  },
  "quality_distribution": {
    "good": 33,
    "medium": 11,
    "poor": 4
  },
  "mean_uncertainty": 1.0236702167585923,
  "summary": "Tracked 33 water bodies (avg elevation: 316.4 m, total area: 2007.3 km\u00b2)",
  "analysis_date": "2026-04-01 08:18:32",
  "observation_count": 48
}