{
  "total_features": 48,
  "good_quality_features": 33,
  "mean_elevation": 227.42377205827,
  "median_elevation": 183.29644782986495,
  "std_elevation": 209.7376191645077,
  "min_elevation": 4.391530081525236,
  "max_elevation": 993.8398636958343,
  "total_water_area_km2": 1796.7775612444095,
  "elevation_change": 249.58060327538817,
  "spatial_stats": {
    "longitude_range": [
      -121.27061867684078,
      -77.45701660089291
    ],
    "latitude_range": [
      25.70491995473613,
      48.99241103729264
    ],
    "centroid_lon": -96.14809271911712,
    "centroid_lat": 36.31612002670141
  },
  "quality_distribution": {
    "good": 33,
    "medium": 8,
    "poor": 7
  },
  "mean_uncertainty": 1.0734350556382102,
  "summary": "Tracked 33 water bodies (avg elevation: 227.4 m, total area: 1796.8 km\u00b2)",
  "analysis_date": "2026-04-21 22:39:22",
  "observation_count": 48
}